timestamp,pv_kw,soc_percent,total_load_kw
2026-03-17 09:52:29.801464,0.7642,70.37,0.1992
2026-03-17 09:52:29.902254,0.7642,70.37,0.2826
2026-03-17 09:52:39.760878,0.7646,70.43,0.2313
2026-03-17 09:52:49.758655,0.7649,70.49,0.2502
2026-03-17 09:52:56.914132,0.7652,70.53,0.2245
2026-03-17 09:52:57.220318,0.7652,70.53,0.2612
2026-03-17 09:52:59.761148,0.7653,70.54,0.32030000000000003
2026-03-17 09:53:06.915150,0.7655,70.58,0.3013
2026-03-17 09:53:09.754754,0.7656,70.6,0.1993
2026-03-17 09:53:16.912332,0.7659,70.64,0.2479
2026-03-17 09:53:19.752527,0.766,70.66,0.2232
2026-03-17 09:53:26.910550,0.7662,70.69,0.3018
2026-03-17 09:53:29.751216,0.7663,70.71,0.2242
2026-03-17 09:53:36.909936,0.7666,70.75,0.2694
2026-03-17 09:53:39.753676,0.7667,70.76,0.2768
2026-03-17 09:53:46.912324,0.7669,70.8,0.298
2026-03-17 09:53:49.752481,0.767,70.82,0.2711
2026-03-17 09:53:56.910144,0.7672,70.86,0.2086
2026-03-17 09:53:59.755900,0.7673,70.88,0.2929
2026-03-17 09:54:09.751767,0.7677,70.93,0.2322
2026-03-17 09:54:19.751785,0.768,70.99,0.2713
2026-03-17 09:54:29.752838,0.7684,71.05,0.2428
2026-03-17 09:54:39.753529,0.7687,71.1,0.2776
2026-03-17 09:54:49.755753,0.769,71.16,0.2659
2026-03-17 09:54:59.782939,0.7694,71.21,0.27649999999999997
2026-03-17 09:55:09.776510,0.7697,71.26,0.34400000000000003
2026-03-17 09:55:19.756940,0.7701,71.31,0.2753
2026-03-17 09:55:29.756078,0.7704,71.36,0.2882
2026-03-17 09:55:39.755537,0.7707,71.41,0.33
2026-03-17 09:55:49.755362,0.7711,71.46,0.333
2026-03-17 09:55:59.756532,0.7714,71.51,0.3073
2026-03-17 09:56:09.753667,0.7718,71.56,0.3221
2026-03-17 10:01:40.813740,0.7827,70.36,0.2364
2026-03-17 10:01:40.961814,0.7827,70.36,0.27190000000000003
2026-03-17 10:01:50.727684,0.783,70.43,0.13319999999999999
2026-03-17 10:02:00.728218,0.7833,70.5,0.12940000000000002
2026-03-17 10:02:10.727602,0.7836,70.57,0.1587
2026-03-17 10:02:20.729555,0.784,70.63,0.2316
2026-03-17 10:02:30.727605,0.7843,70.7,0.1789
2026-03-17 10:02:40.728054,0.7846,70.77,0.1805
2026-03-17 10:02:50.729162,0.7849,70.84,0.1385
2026-03-17 10:03:00.728361,0.7852,70.9,0.22039999999999998
2026-03-17 10:03:10.728630,0.7856,70.96,0.2163
2026-03-17 10:03:20.728897,0.7859,71.03,0.1746
2026-03-17 10:03:30.729584,0.7862,71.09,0.1903
2026-03-17 10:03:40.728219,0.7865,71.16,0.2253
2026-03-17 10:03:50.736485,0.7868,71.22,0.18
2026-03-17 10:04:00.728710,0.7872,71.29,0.209
2026-03-17 10:04:10.727041,0.7875,71.36,0.1539
2026-03-17 10:04:20.729071,0.7878,71.42,0.23
2026-03-17 10:04:30.729153,0.7881,71.49,0.1405
2026-03-17 10:04:40.729830,0.7884,71.56,0.132
2026-03-17 10:04:50.730415,0.7887,71.62,0.2407
2026-03-17 10:05:00.730470,0.7891,71.69,0.1829
2026-03-17 10:05:03.090707,0.7891,71.7,0.1582
2026-03-17 10:05:03.182632,0.7891,71.7,0.2055
2026-03-17 10:05:04.756735,0.7892,71.71,0.18359999999999999
2026-03-17 10:05:04.861633,0.7892,71.72,0.21760000000000002
2026-03-17 10:05:07.085221,0.7893,71.73,0.1812
2026-03-17 10:05:07.202876,0.7893,71.73,0.1371
2026-03-17 10:05:09.480174,0.7893,71.75,0.1696
2026-03-17 10:05:09.570910,0.7893,71.75,0.18889999999999998
2026-03-17 10:05:13.258457,0.7895,71.77,0.1613
2026-03-17 10:05:13.329050,0.7895,71.77,0.1541
2026-03-17 10:05:19.310383,0.7897,71.81,0.1871
2026-03-17 10:05:19.425373,0.7897,71.81,0.224
2026-03-17 10:05:22.371982,0.7897,71.83,0.1953
2026-03-17 10:05:22.501349,0.7897,71.83,0.2656
2026-03-17 10:05:25.051706,0.7898,71.85,0.1807
2026-03-17 10:05:25.129148,0.7898,71.85,0.1746
2026-03-17 10:05:35.089917,0.7902,71.92,0.1998
2026-03-17 10:05:45.044661,0.7905,71.99,0.1538
2026-03-17 10:05:55.046348,0.7908,72.05,0.21309999999999998
2026-03-17 10:06:05.049141,0.7911,72.12,0.1837
2026-03-17 10:06:15.045828,0.7914,72.18,0.1712
2026-03-17 10:06:25.046079,0.7917,72.24,0.2431
2026-03-17 10:06:35.045829,0.792,72.31,0.1761
2026-03-17 10:06:45.046295,0.7923,72.38,0.1693
2026-03-17 10:06:55.045481,0.7926,72.45,0.1706
2026-03-17 10:07:05.046732,0.793,72.52,0.1704
2026-03-17 10:07:15.045413,0.7933,72.59,0.1523
2026-03-17 10:07:25.045654,0.7936,72.65,0.1893
2026-03-17 10:07:35.046208,0.7939,72.71,0.2451
2026-03-17 10:07:45.046224,0.7942,72.79,0.1381
2026-03-17 11:23:54.052967,0.8889,70.45,0.2072
2026-03-17 11:23:54.791414,0.8889,70.46,0.1995
2026-03-17 11:23:59.616322,0.8889,70.49,0.21030000000000001
2026-03-17 11:24:09.717508,0.889,70.56,0.23
2026-03-17 11:24:19.631243,0.8891,70.64,0.24029999999999999
2026-03-17 11:30:59.186891,0.8928,70.43,0.2354
2026-03-17 11:31:13.533410,0.8929,70.43,0.2395
2026-03-17 11:32:13.687856,0.8934,70.86,0.2455
2026-03-17 11:33:13.796104,0.8939,71.29,0.236
2026-03-17 11:34:13.819494,0.8943,71.76,0.18719999999999998
2026-03-17 11:35:13.900863,0.8947,72.24,0.1642
2026-03-17 11:36:13.938531,0.8952,72.73,0.1625
2026-03-17 11:37:13.986808,0.8956,73.22,0.1529
2026-03-17 11:38:14.043161,0.8959,73.72,0.1352
2026-03-17 11:39:14.092245,0.8963,74.21,0.1528
2026-03-17 11:40:14.144719,0.8967,74.71,0.1464
2026-03-17 11:41:03.469081,0.8969,70.46,0.1954
2026-03-17 11:41:04.530096,0.8969,70.47,0.255
2026-03-17 11:41:05.561475,0.8969,70.48,0.176
2026-03-17 11:41:06.674938,0.8969,70.49,0.1992
2026-03-17 11:41:07.733010,0.8969,70.5,0.1419
2026-03-17 11:41:08.758600,0.897,70.5,0.1778
2026-03-17 11:41:09.781709,0.897,70.51,0.2345
2026-03-17 11:41:10.856461,0.897,70.52,0.2492
2026-03-17 11:41:11.893517,0.897,70.53,0.1785
2026-03-17 11:41:13.075945,0.897,70.54,0.1742
2026-03-17 11:41:14.126474,0.897,70.54,0.2405
2026-03-17 11:41:15.183439,0.897,70.55,0.1747
2026-03-17 11:41:16.219061,0.897,70.56,0.2452
2026-03-17 11:41:17.259627,0.897,70.57,0.14980000000000002
2026-03-17 11:41:18.313954,0.897,70.58,0.23479999999999998
2026-03-17 11:41:19.338310,0.897,70.58,0.1602
2026-03-17 11:41:20.372664,0.897,70.59,0.2473
2026-03-17 11:41:21.397351,0.897,70.6,0.1819
2026-03-17 11:41:22.444911,0.897,70.61,0.1425
2026-03-17 11:41:23.498605,0.897,70.62,0.22390000000000002
2026-03-17 11:41:24.544058,0.897,70.62,0.1799
2026-03-17 11:41:25.580733,0.897,70.63,0.1411
2026-03-17 11:41:26.633332,0.897,70.64,0.1852
2026-03-17 11:41:27.692612,0.8971,70.65,0.2087
2026-03-17 11:41:28.756913,0.8971,70.66,0.2198
2026-03-17 11:41:29.826390,0.8971,70.67,0.1747
2026-03-17 11:41:30.888542,0.8971,70.67,0.187
2026-03-17 11:41:31.941859,0.8971,70.68,0.2046
2026-03-17 11:41:32.994965,0.8971,70.69,0.22419999999999998
2026-03-17 11:41:34.038442,0.8971,70.7,0.1947
2026-03-17 11:41:35.083995,0.8971,70.71,0.1309
2026-03-17 11:41:36.130842,0.8971,70.71,0.2074
2026-03-17 11:41:37.195205,0.8971,70.72,0.1499
2026-03-17 11:41:38.244028,0.8971,70.73,0.227
2026-03-17 11:41:39.293961,0.8971,70.74,0.1409
2026-03-17 11:41:40.343838,0.8971,70.75,0.2551
2026-03-17 11:41:41.387783,0.8971,70.76,0.1923
2026-03-17 11:41:42.433889,0.8971,70.76,0.19619999999999999
2026-03-17 11:41:43.489879,0.8971,70.77,0.1736
2026-03-17 11:41:44.546565,0.8971,70.78,0.21109999999999998
2026-03-17 11:41:45.592265,0.8971,70.79,0.2344
2026-03-17 11:41:46.672929,0.8972,70.8,0.2445
2026-03-17 11:41:47.728070,0.8972,70.8,0.2462
2026-03-17 11:41:48.781476,0.8972,70.81,0.1837
2026-03-17 11:41:49.809834,0.8972,70.82,0.1709
2026-03-17 11:41:50.854795,0.8972,70.83,0.1773
2026-03-17 11:41:51.894844,0.8972,70.84,0.1528
2026-03-17 11:41:52.937858,0.8972,70.84,0.1676
2026-03-17 11:41:53.983418,0.8972,70.85,0.194
2026-03-17 11:41:55.027228,0.8972,70.86,0.19799999999999998
2026-03-17 11:41:56.085011,0.8972,70.87,0.2647
2026-03-17 11:41:57.130632,0.8972,70.88,0.1414
2026-03-17 11:41:58.168167,0.8972,70.88,0.2358
2026-03-17 11:41:59.211987,0.8972,70.89,0.1479
2026-03-17 11:42:00.243731,0.8972,70.9,0.2553
2026-03-17 11:42:01.267911,0.8972,70.91,0.2182
2026-03-17 11:42:02.295872,0.8972,70.92,0.26
2026-03-17 11:42:03.354031,0.8972,70.92,0.2002
2026-03-17 11:42:04.400726,0.8972,70.93,0.2204
2026-03-17 11:42:05.457670,0.8973,70.94,0.1553
2026-03-17 11:42:06.511869,0.8973,70.95,0.1516
2026-03-17 11:42:07.562895,0.8973,70.96,0.1742
2026-03-17 11:42:08.619359,0.8973,70.96,0.2468
2026-03-17 11:42:09.667728,0.8973,70.97,0.2686
2026-03-17 11:42:10.721280,0.8973,70.98,0.19240000000000002
2026-03-17 11:42:11.769218,0.8973,70.99,0.1676
2026-03-17 11:42:12.798665,0.8973,71.0,0.1997
2026-03-17 11:42:13.843629,0.8973,71.0,0.1405
2026-03-17 11:42:14.888498,0.8973,71.01,0.1678
2026-03-17 11:42:15.937004,0.8973,71.02,0.1913
2026-03-17 11:42:16.982027,0.8973,71.03,0.22269999999999998
2026-03-17 11:42:18.026801,0.8973,71.04,0.24680000000000002
2026-03-17 11:42:19.075691,0.8973,71.04,0.152
2026-03-17 11:42:20.123053,0.8973,71.05,0.24109999999999998
2026-03-17 11:42:21.173575,0.8973,71.06,0.1808
2026-03-17 11:42:22.226980,0.8973,71.07,0.1898
2026-03-17 11:42:23.277237,0.8973,71.08,0.2353
2026-03-17 11:42:24.319844,0.8973,71.08,0.2621
2026-03-17 11:42:25.366245,0.8974,71.09,0.1489
2026-03-17 11:42:26.411678,0.8974,71.1,0.2372
2026-03-17 11:42:27.467647,0.8974,71.11,0.203
2026-03-17 11:42:28.518757,0.8974,71.12,0.2
2026-03-17 11:42:29.565940,0.8974,71.13,0.1254
2026-03-17 11:42:30.614606,0.8974,71.13,0.13319999999999999
2026-03-17 11:42:31.660461,0.8974,71.14,0.2262
2026-03-17 11:42:32.710623,0.8974,71.15,0.2034
2026-03-17 11:42:33.759970,0.8974,71.16,0.2241
2026-03-17 11:42:34.812763,0.8974,71.17,0.165
2026-03-17 11:42:35.869787,0.8974,71.17,0.1674
2026-03-17 11:42:36.916945,0.8974,71.18,0.2396
2026-03-17 11:42:37.969152,0.8974,71.19,0.1746
2026-03-17 11:42:39.013868,0.8974,71.2,0.1302
2026-03-17 11:42:40.060836,0.8974,71.21,0.21910000000000002
2026-03-17 11:42:41.116887,0.8974,71.22,0.16449999999999998
2026-03-17 11:42:42.164484,0.8974,71.22,0.1626
2026-03-17 11:42:43.213819,0.8974,71.23,0.2039
2026-03-17 11:42:44.262759,0.8974,71.24,0.2137
2026-03-17 11:42:45.316662,0.8975,71.25,0.1386
2026-03-17 11:42:46.422424,0.8975,71.26,0.1675
2026-03-17 11:42:47.468981,0.8975,71.27,0.1246
2026-03-17 11:42:48.512964,0.8975,71.28,0.1208
2026-03-17 11:42:49.550475,0.8975,71.28,0.1159
2026-03-17 11:42:50.597808,0.8975,71.29,0.1433
2026-03-17 11:42:51.643045,0.8975,71.3,0.1248
2026-03-17 11:42:52.674274,0.8975,71.31,0.1496
2026-03-17 11:42:53.723825,0.8975,71.32,0.1496
2026-03-17 11:42:54.786833,0.8975,71.33,0.1299
2026-03-17 11:42:55.832763,0.8975,71.34,0.1169
2026-03-17 11:42:56.874955,0.8975,71.35,0.104
2026-03-17 11:42:57.904829,0.8975,71.35,0.1335
2026-03-17 11:42:58.963387,0.8975,71.36,0.11599999999999999
2026-03-17 11:43:00.484531,0.8975,71.38,0.1013
2026-03-17 11:43:01.564959,0.8975,71.39,0.1441
2026-03-17 11:43:02.624579,0.8975,71.39,0.1246
2026-03-17 11:43:03.686842,0.8975,71.4,0.1261
2026-03-17 11:43:04.730413,0.8975,71.41,0.1096
2026-03-17 11:43:05.774444,0.8975,71.42,0.1013
2026-03-17 11:43:06.901891,0.8976,71.43,0.14679999999999999
2026-03-17 11:43:07.959735,0.8976,71.44,0.10289999999999999
2026-03-17 11:43:08.989057,0.8976,71.45,0.1687
2026-03-17 11:43:10.018458,0.8976,71.46,0.1289
2026-03-17 11:43:11.078676,0.8976,71.47,0.12510000000000002
2026-03-17 11:43:12.137446,0.8976,71.48,0.1593
2026-03-17 11:43:13.194490,0.8976,71.48,0.1271
2026-03-17 11:43:14.243853,0.8976,71.49,0.0928
2026-03-17 11:43:15.295041,0.8976,71.5,0.1243
2026-03-17 11:43:16.337531,0.8976,71.51,0.1349
2026-03-17 11:43:17.363452,0.8976,71.52,0.1158
2026-03-17 11:43:18.406767,0.8976,71.53,0.1211
2026-03-17 11:43:19.460933,0.8976,71.54,0.13470000000000001
2026-03-17 11:43:20.506516,0.8976,71.55,0.166
2026-03-17 11:43:21.532119,0.8976,71.55,0.1355
2026-03-17 11:43:22.575759,0.8976,71.56,0.1421
2026-03-17 11:43:23.629836,0.8976,71.57,0.1297
2026-03-17 11:43:24.679905,0.8976,71.58,0.1141
2026-03-17 11:43:25.727980,0.8976,71.59,0.1092
2026-03-17 11:43:26.776358,0.8976,71.6,0.1109
2026-03-17 11:43:27.825439,0.8977,71.61,0.0944
2026-03-17 11:43:28.869015,0.8977,71.62,0.1091
2026-03-17 11:43:29.915240,0.8977,71.63,0.09490000000000001
2026-03-17 11:43:30.968083,0.8977,71.64,0.1442
2026-03-17 11:43:32.020202,0.8977,71.64,0.1032
2026-03-17 11:43:33.114554,0.8977,71.65,0.1382
2026-03-17 11:43:34.168211,0.8977,71.66,0.1393
2026-03-17 11:43:35.210753,0.8977,71.67,0.1329
2026-03-17 11:43:36.245694,0.8977,71.68,0.1154
2026-03-17 11:43:37.298124,0.8977,71.69,0.1144
2026-03-17 11:43:38.341392,0.8977,71.7,0.1073
2026-03-17 11:43:39.389838,0.8977,71.71,0.1377
2026-03-17 11:43:40.434337,0.8977,71.72,0.146
2026-03-17 11:43:41.473368,0.8977,71.73,0.1071
2026-03-17 11:43:42.577405,0.8977,71.73,0.1329
2026-03-17 11:43:43.645585,0.8977,71.74,0.0993
2026-03-17 11:43:44.698709,0.8977,71.75,0.1671
2026-03-17 11:43:45.730671,0.8977,71.76,0.1159
2026-03-17 11:43:46.775169,0.8977,71.77,0.13269999999999998
2026-03-17 11:43:47.978323,0.8977,71.78,0.131
2026-03-17 11:43:49.143007,0.8978,71.79,0.1161
2026-03-17 11:43:50.363401,0.8978,71.8,0.11320000000000001
2026-03-17 11:43:51.468835,0.8978,71.81,0.1505
2026-03-17 11:43:52.520708,0.8978,71.82,0.1129
2026-03-17 11:43:53.583194,0.8978,71.83,0.0912
2026-03-17 11:43:54.612049,0.8978,71.84,0.1296
2026-03-17 11:43:55.671457,0.8978,71.85,0.1355
2026-03-17 11:43:56.736234,0.8978,71.85,0.1199
2026-03-17 11:43:57.801006,0.8978,71.86,0.1531
2026-03-17 11:43:58.829339,0.8978,71.87,0.0844
2026-03-17 11:43:59.872258,0.8978,71.88,0.1007
2026-03-17 11:44:00.918948,0.8978,71.89,0.09670000000000001
2026-03-17 11:44:01.981696,0.8978,71.9,0.1295
2026-03-17 11:44:03.050396,0.8978,71.91,0.1485
2026-03-17 11:44:04.078733,0.8978,71.92,0.0802
2026-03-17 11:44:05.133643,0.8978,71.93,0.1287
2026-03-17 11:44:06.201507,0.8978,71.94,0.1399
2026-03-17 11:44:07.248526,0.8978,71.94,0.1119
2026-03-17 11:44:08.318335,0.8978,71.95,0.1147
2026-03-17 11:44:09.348912,0.8978,71.96,0.166
2026-03-17 11:44:10.399357,0.8979,71.97,0.1437
2026-03-17 11:44:11.447111,0.8979,71.98,0.1449
2026-03-17 11:44:12.502372,0.8979,71.99,0.12480000000000001
2026-03-17 11:44:13.565905,0.8979,72.0,0.1482
2026-03-17 11:44:14.623686,0.8979,72.01,0.1139
2026-03-17 11:44:15.670347,0.8979,72.02,0.1374
2026-03-17 11:44:16.698471,0.8979,72.02,0.1326
2026-03-17 11:44:17.746946,0.8979,72.03,0.1459
2026-03-17 11:44:18.792499,0.8979,72.04,0.0885
2026-03-17 11:44:19.822799,0.8979,72.05,0.1681
2026-03-17 11:44:20.871462,0.8979,72.06,0.1149
2026-03-17 11:44:21.921596,0.8979,72.07,0.1084
2026-03-17 11:44:22.959735,0.8979,72.08,0.1393
2026-03-17 11:44:24.003464,0.8979,72.09,0.0896
2026-03-17 11:44:25.049797,0.8979,72.09,0.1572
2026-03-17 11:44:26.096509,0.8979,72.1,0.1434
2026-03-17 11:44:27.145131,0.8979,72.11,0.1037
2026-03-17 11:44:28.193817,0.8979,72.12,0.1184
2026-03-17 11:44:29.249669,0.8979,72.13,0.1345
2026-03-17 11:44:30.298548,0.8979,72.14,0.12159999999999999
2026-03-17 11:44:31.351948,0.8979,72.15,0.14780000000000001
2026-03-17 11:44:32.402379,0.898,72.16,0.101
2026-03-17 11:44:33.443505,0.898,72.17,0.1033
2026-03-17 11:44:34.477150,0.898,72.18,0.13319999999999999
2026-03-17 11:44:35.531326,0.898,72.18,0.1167
2026-03-17 11:44:36.585253,0.898,72.19,0.1274
2026-03-17 11:44:37.636600,0.898,72.2,0.13849999999999998
2026-03-17 11:44:38.705036,0.898,72.21,0.1622
2026-03-17 11:44:39.735875,0.898,72.22,0.109
2026-03-17 11:44:40.786046,0.898,72.23,0.1455
2026-03-17 11:44:41.834413,0.898,72.24,0.1356
2026-03-17 11:44:42.891717,0.898,72.25,0.1674
2026-03-17 11:44:43.943269,0.898,72.25,0.1059
2026-03-17 11:44:44.994724,0.898,72.26,0.1149
2026-03-17 11:44:46.043892,0.898,72.27,0.102
2026-03-17 11:44:47.093749,0.898,72.28,0.1392
2026-03-17 11:44:48.143869,0.898,72.29,0.088
2026-03-17 11:44:49.191862,0.898,72.3,0.0911
2026-03-17 11:44:50.240199,0.898,72.31,0.13019999999999998
2026-03-17 11:44:51.280923,0.898,72.32,0.1436
2026-03-17 11:44:52.317223,0.898,72.33,0.1394
2026-03-17 11:44:53.375425,0.898,72.34,0.1396
2026-03-17 11:44:54.440443,0.898,72.34,0.091
2026-03-17 11:44:55.492486,0.8981,72.35,0.14959999999999998
2026-03-17 11:44:56.548945,0.8981,72.36,0.0993
2026-03-17 11:44:57.593636,0.8981,72.37,0.1046
2026-03-17 11:44:58.651919,0.8981,72.38,0.1236
2026-03-17 11:44:59.699385,0.8981,72.39,0.1273
2026-03-17 11:45:00.734867,0.8981,72.4,0.1162
2026-03-17 11:45:01.782989,0.8981,72.41,0.107
2026-03-17 11:45:02.888059,0.8981,72.42,0.08979999999999999
2026-03-17 11:45:03.958702,0.8981,72.43,0.1221
2026-03-17 11:45:05.012777,0.8981,72.44,0.1497
2026-03-17 11:45:06.048406,0.8981,72.44,0.1202
2026-03-17 11:45:07.105559,0.8981,72.45,0.1279
2026-03-17 11:45:08.157711,0.8981,72.46,0.1492
2026-03-17 11:45:09.222724,0.8981,72.47,0.1421
2026-03-17 11:45:10.292915,0.8981,72.48,0.11750000000000001
2026-03-17 11:45:11.359271,0.8981,72.49,0.1244
2026-03-17 11:45:12.403510,0.8981,72.5,0.1271
2026-03-17 11:45:13.439244,0.8981,72.51,0.1176
2026-03-17 11:45:14.498517,0.8981,72.52,0.1052
2026-03-17 11:45:15.525713,0.8981,72.52,0.14780000000000001
2026-03-17 11:45:16.555418,0.8981,72.53,0.0994
2026-03-17 11:45:17.614843,0.8981,72.54,0.1253
2026-03-17 11:45:18.658734,0.8981,72.55,0.113
2026-03-17 11:45:19.708467,0.8982,72.56,0.1395
2026-03-17 11:45:20.735132,0.8982,72.57,0.1229
2026-03-17 11:45:21.786046,0.8982,72.58,0.1171
2026-03-17 11:45:22.810705,0.8982,72.59,0.0829
2026-03-17 11:45:23.847434,0.8982,72.6,0.12359999999999999
2026-03-17 11:45:24.911207,0.8982,72.6,0.1406
2026-03-17 11:45:25.955609,0.8982,72.61,0.13319999999999999
2026-03-17 11:45:27.019007,0.8982,72.62,0.0892
2026-03-17 11:45:28.053657,0.8982,72.63,0.131
2026-03-17 11:45:29.107814,0.8982,72.64,0.11259999999999999
2026-03-17 11:45:30.150084,0.8982,72.65,0.1097
2026-03-17 11:45:31.207108,0.8982,72.66,0.1128
2026-03-17 11:45:32.252220,0.8982,72.67,0.1344
2026-03-17 11:45:33.289699,0.8982,72.68,0.15360000000000001
2026-03-17 11:45:34.371265,0.8982,72.69,0.1197
2026-03-17 11:45:35.464188,0.8982,72.69,0.1405
2026-03-17 11:45:36.530529,0.8982,72.7,0.1205
2026-03-17 11:45:37.563549,0.8982,72.71,0.1259
2026-03-17 11:45:38.593719,0.8982,72.72,0.14500000000000002
2026-03-17 11:45:39.642253,0.8982,72.73,0.1068
2026-03-17 11:45:40.681535,0.8982,72.74,0.1199
2026-03-17 11:45:41.719211,0.8982,72.75,0.1348
2026-03-17 11:45:42.754021,0.8982,72.76,0.10930000000000001
2026-03-17 11:45:43.793689,0.8983,72.77,0.13419999999999999
2026-03-17 11:45:45.147945,0.8983,72.78,0.112
2026-03-17 11:45:46.199904,0.8983,72.79,0.1298
2026-03-17 11:45:47.234754,0.8983,72.79,0.1348
2026-03-17 11:45:48.279193,0.8983,72.8,0.1205
2026-03-17 11:45:49.317971,0.8983,72.81,0.1549
2026-03-17 11:45:50.417005,0.8983,72.82,0.1418
2026-03-17 11:45:51.456474,0.8983,72.83,0.094
2026-03-17 11:45:52.522258,0.8983,72.84,0.1374
2026-03-17 11:45:53.553899,0.8983,72.85,0.0935
2026-03-17 11:45:54.645658,0.8983,72.86,0.1199
2026-03-17 11:45:55.720490,0.8983,72.87,0.1191
2026-03-17 11:45:56.766968,0.8983,72.88,0.1716
2026-03-17 11:45:57.808835,0.8983,72.88,0.1351
2026-03-17 11:45:58.846588,0.8983,72.89,0.1348
2026-03-17 11:45:59.882062,0.8983,72.9,0.1532
2026-03-17 11:46:00.916110,0.8983,72.91,0.1226
2026-03-17 11:46:01.959535,0.8983,72.92,0.1625
2026-03-17 11:46:02.997267,0.8983,72.93,0.1442
2026-03-17 11:46:04.033758,0.8983,72.94,0.13470000000000001
2026-03-17 11:46:05.112895,0.8983,72.95,0.14500000000000002
2026-03-17 11:46:06.164445,0.8983,72.95,0.12110000000000001
2026-03-17 11:46:07.226994,0.8983,72.96,0.1447
2026-03-17 11:46:08.268655,0.8984,72.97,0.1563
2026-03-17 11:46:09.311254,0.8984,72.98,0.1082
2026-03-17 11:46:10.345707,0.8984,72.99,0.11929999999999999
2026-03-17 11:46:11.418357,0.8984,73.0,0.0905
2026-03-17 11:46:12.473903,0.8984,73.01,0.1345
2026-03-17 11:46:13.521513,0.8984,73.02,0.1243
2026-03-17 11:46:14.558746,0.8984,73.03,0.0938
2026-03-17 11:46:15.620157,0.8984,73.03,0.14100000000000001
2026-03-17 11:46:16.676857,0.8984,73.04,0.1063
2026-03-17 11:46:17.718611,0.8984,73.05,0.09509999999999999
2026-03-17 11:46:18.749524,0.8984,73.06,0.1382
2026-03-17 11:46:19.825653,0.8984,73.07,0.1161
2026-03-17 11:46:20.859864,0.8984,73.08,0.1346
2026-03-17 11:46:21.897216,0.8984,73.09,0.1351
2026-03-17 11:46:22.931352,0.8984,73.1,0.1313
2026-03-17 11:46:23.962104,0.8984,73.11,0.1473
2026-03-17 11:46:24.994397,0.8984,73.11,0.1079
2026-03-17 11:46:26.021801,0.8984,73.12,0.1086
2026-03-17 11:46:27.062419,0.8984,73.13,0.149
2026-03-17 11:46:28.095756,0.8984,73.14,0.159
2026-03-17 11:46:29.128667,0.8984,73.15,0.1184
2026-03-17 11:46:30.164999,0.8984,73.16,0.1436
2026-03-17 11:46:31.206375,0.8984,73.17,0.0906
2026-03-17 11:46:32.238465,0.8984,73.18,0.1465
2026-03-17 11:46:33.267729,0.8985,73.18,0.1195
2026-03-17 11:46:34.299068,0.8985,73.19,0.10919999999999999
2026-03-17 11:46:35.329416,0.8985,73.2,0.1157
2026-03-17 11:46:36.360881,0.8985,73.21,0.166
2026-03-17 11:46:37.397104,0.8985,73.22,0.1376
2026-03-17 11:46:38.446786,0.8985,73.23,0.1357
2026-03-17 11:46:39.526733,0.8985,73.24,0.1222
2026-03-17 11:46:40.562641,0.8985,73.25,0.1513
2026-03-17 11:46:41.606079,0.8985,73.25,0.1181
2026-03-17 11:46:42.651033,0.8985,73.26,0.1258
2026-03-17 11:46:43.679143,0.8985,73.27,0.1059
2026-03-17 11:46:44.717199,0.8985,73.28,0.1315
2026-03-17 11:46:45.763554,0.8985,73.29,0.1484
2026-03-17 11:46:46.791725,0.8985,73.3,0.1168
2026-03-17 11:46:47.833441,0.8985,73.31,0.15460000000000002
2026-03-17 11:46:48.867900,0.8985,73.32,0.13840000000000002
2026-03-17 11:46:51.894521,0.8985,70.53,0.0918
2026-03-17 11:46:52.961246,0.8985,70.54,0.1603
2026-03-17 11:46:54.005570,0.8985,70.55,0.12
2026-03-17 11:46:55.045757,0.8985,70.56,0.122
2026-03-17 11:46:56.073456,0.8985,70.57,0.1457
2026-03-17 11:46:57.106911,0.8985,70.58,0.1299
2026-03-17 11:46:58.135750,0.8985,70.58,0.1519
2026-03-17 11:46:59.160285,0.8985,70.59,0.1267
2026-03-17 11:47:00.199045,0.8986,70.6,0.1252
2026-03-17 11:47:01.226549,0.8986,70.61,0.10389999999999999
2026-03-17 11:47:02.256322,0.8986,70.62,0.1503
2026-03-17 11:47:03.287790,0.8986,70.63,0.14780000000000001
2026-03-17 11:47:04.317667,0.8986,70.64,0.1057
2026-03-17 11:47:05.370954,0.8986,70.65,0.0989
2026-03-17 11:47:06.397202,0.8986,70.66,0.0984
2026-03-17 11:47:07.423729,0.8986,70.66,0.1284
2026-03-17 11:47:08.466075,0.8986,70.67,0.11969999999999999
2026-03-17 11:47:09.527579,0.8986,70.68,0.12840000000000001
2026-03-17 11:47:10.560797,0.8986,70.69,0.16019999999999998
2026-03-17 11:47:11.596063,0.8986,70.7,0.1475
2026-03-17 11:47:12.631320,0.8986,70.71,0.1272
2026-03-17 11:47:13.659499,0.8986,70.72,0.1563
2026-03-17 11:47:14.703044,0.8986,70.72,0.1386
2026-03-17 11:47:15.742030,0.8986,70.73,0.1217
2026-03-17 11:47:19.510637,0.8986,70.52,0.1089
2026-03-17 11:47:20.583073,0.8986,70.53,0.1355
2026-03-17 11:47:21.611992,0.8986,70.54,0.1107
2026-03-17 11:47:22.835665,0.8986,70.55,0.1607
2026-03-17 11:47:23.864938,0.8986,70.56,0.1124
2026-03-17 11:47:24.893758,0.8986,70.57,0.12480000000000001
2026-03-17 11:47:25.920604,0.8986,70.58,0.1203
2026-03-17 11:47:26.958386,0.8986,70.58,0.1068
2026-03-17 11:47:28.002937,0.8987,70.59,0.1131
2026-03-17 11:47:29.032614,0.8987,70.6,0.13119999999999998
2026-03-17 11:47:30.062423,0.8987,70.61,0.1104
2026-03-17 11:47:31.087878,0.8987,70.62,0.12619999999999998
2026-03-17 11:47:32.112202,0.8987,70.63,0.1618
2026-03-17 11:47:33.135350,0.8987,70.64,0.1635
2026-03-17 11:47:34.170010,0.8987,70.64,0.1401
2026-03-17 11:47:35.214019,0.8987,70.65,0.1221
2026-03-17 11:47:36.253935,0.8987,70.66,0.0898
2026-03-17 11:47:37.282503,0.8987,70.67,0.1267
2026-03-17 11:47:38.315743,0.8987,70.68,0.1172
2026-03-17 11:47:39.342954,0.8987,70.69,0.1539
2026-03-17 11:47:40.380856,0.8987,70.7,0.1546
2026-03-17 11:47:41.425479,0.8987,70.71,0.12090000000000001
2026-03-17 11:47:42.470903,0.8987,70.72,0.14930000000000002
2026-03-17 11:47:43.515611,0.8987,70.72,0.1086
2026-03-17 11:47:44.566504,0.8987,70.73,0.1217
2026-03-17 11:47:45.609902,0.8987,70.74,0.10880000000000001
2026-03-17 11:47:46.660071,0.8987,70.75,0.1446
2026-03-17 11:47:47.716231,0.8987,70.76,0.14300000000000002
2026-03-17 11:47:48.752434,0.8987,70.77,0.1545
2026-03-17 11:47:49.775539,0.8987,70.78,0.1298
2026-03-17 11:47:50.814983,0.8987,70.79,0.1119
2026-03-17 11:47:51.859885,0.8987,70.79,0.1253
2026-03-17 11:47:52.909957,0.8987,70.8,0.12190000000000001
2026-03-17 11:47:53.961243,0.8987,70.81,0.1367
2026-03-17 11:47:55.011732,0.8987,70.82,0.14750000000000002
2026-03-17 11:47:56.055697,0.8988,70.83,0.16369999999999998
2026-03-17 11:47:57.099963,0.8988,70.84,0.1076
2026-03-17 11:47:58.154370,0.8988,70.85,0.1404
2026-03-17 11:47:59.206210,0.8988,70.86,0.1221
2026-03-17 11:48:00.252264,0.8988,70.87,0.1411
2026-03-17 11:48:01.299812,0.8988,70.87,0.1056
2026-03-17 11:48:02.342764,0.8988,70.88,0.1237
2026-03-17 11:48:03.387626,0.8988,70.89,0.1433
2026-03-17 11:48:04.427385,0.8988,70.9,0.1094
2026-03-17 11:48:05.451862,0.8988,70.91,0.104
2026-03-17 11:48:06.496990,0.8988,70.92,0.1212
2026-03-17 11:48:07.525973,0.8988,70.93,0.1091
2026-03-17 11:48:08.573424,0.8988,70.94,0.12290000000000001
2026-03-17 11:48:09.609663,0.8988,70.95,0.1272
2026-03-17 11:48:10.651779,0.8988,70.95,0.125
2026-03-17 11:48:11.695673,0.8988,70.96,0.1206
2026-03-17 11:48:12.747383,0.8988,70.97,0.16899999999999998
2026-03-17 11:48:13.803263,0.8988,70.98,0.1499
2026-03-17 11:48:14.849897,0.8988,70.99,0.1181
2026-03-17 11:48:15.877901,0.8988,71.0,0.1101
2026-03-17 11:48:16.899673,0.8988,71.01,0.08929999999999999
2026-03-17 11:48:17.950687,0.8988,71.02,0.1264
2026-03-17 11:48:18.997984,0.8988,71.03,0.10819999999999999
2026-03-17 11:48:20.029245,0.8988,71.03,0.1408
2026-03-17 11:48:21.074524,0.8988,71.04,0.0992
2026-03-17 11:48:22.098779,0.8988,71.05,0.1527
2026-03-17 11:48:23.149667,0.8988,71.06,0.1693
2026-03-17 11:48:24.193655,0.8988,71.07,0.1628
2026-03-17 11:48:25.247717,0.8989,71.08,0.1109
2026-03-17 11:48:26.293697,0.8989,71.09,0.1272
2026-03-17 11:48:27.340606,0.8989,71.1,0.1176
2026-03-17 11:48:28.390748,0.8989,71.1,0.1069
2026-03-17 11:48:29.444872,0.8989,71.11,0.1336
2026-03-17 11:48:30.491389,0.8989,71.12,0.12279999999999999
2026-03-17 11:48:31.528967,0.8989,71.13,0.1083
2026-03-17 11:48:32.572392,0.8989,71.14,0.0906
2026-03-17 11:48:33.618616,0.8989,71.15,0.0944
2026-03-17 11:48:34.662727,0.8989,71.16,0.1305
2026-03-17 11:48:35.713085,0.8989,71.17,0.1442
2026-03-17 11:48:36.759905,0.8989,71.18,0.114
2026-03-17 11:48:37.806429,0.8989,71.19,0.13169999999999998
2026-03-17 11:48:38.857528,0.8989,71.19,0.1192
2026-03-17 11:48:39.920925,0.8989,71.2,0.13019999999999998
2026-03-17 11:48:40.966742,0.8989,71.21,0.168
2026-03-17 11:48:41.996196,0.8989,71.22,0.131
2026-03-17 11:48:43.025500,0.8989,71.23,0.1109
2026-03-17 11:48:44.071239,0.8989,71.24,0.13679999999999998
2026-03-17 11:48:45.106834,0.8989,71.25,0.1482
2026-03-17 11:48:46.153805,0.8989,71.26,0.1253
2026-03-17 11:48:47.201583,0.8989,71.26,0.1483
2026-03-17 11:48:48.262185,0.8989,71.27,0.1583
2026-03-17 11:48:49.323535,0.8989,71.28,0.11950000000000001
2026-03-17 11:48:50.422348,0.8989,71.29,0.1321
2026-03-17 11:48:51.468773,0.8989,71.3,0.1206
2026-03-17 11:48:52.519093,0.8989,71.31,0.1373
2026-03-17 11:48:53.565125,0.8989,71.32,0.1477
2026-03-17 11:48:54.614911,0.8989,71.33,0.1061
2026-03-17 11:48:55.662619,0.8989,71.34,0.1307
2026-03-17 11:48:56.706028,0.899,71.34,0.12610000000000002
2026-03-17 11:48:57.749934,0.899,71.35,0.1341
2026-03-17 11:48:58.799368,0.899,71.36,0.112
2026-03-17 11:48:59.851035,0.899,71.37,0.1272
2026-03-17 11:49:00.899781,0.899,71.38,0.0912
2026-03-17 11:49:01.948757,0.899,71.39,0.1551
2026-03-17 11:49:02.992627,0.899,71.4,0.1175
2026-03-17 11:49:04.038710,0.899,71.41,0.1365
2026-03-17 11:49:05.066755,0.899,71.42,0.1393
2026-03-17 11:49:06.117874,0.899,71.42,0.1533
2026-03-17 11:49:07.161734,0.899,71.43,0.1394
2026-03-17 11:49:08.204725,0.899,71.44,0.1409
2026-03-17 11:49:09.251551,0.899,71.45,0.1318
2026-03-17 11:49:10.297111,0.899,71.46,0.13369999999999999
2026-03-17 11:49:11.340434,0.899,71.47,0.1195
2026-03-17 11:49:12.367748,0.899,71.48,0.1511
2026-03-17 11:49:13.413693,0.899,71.49,0.0878
2026-03-17 11:49:14.448979,0.899,71.49,0.11
2026-03-17 11:49:15.492885,0.899,71.5,0.14650000000000002
2026-03-17 11:49:16.544597,0.899,71.51,0.1195
2026-03-17 11:49:17.585851,0.899,71.52,0.1205
2026-03-17 11:49:18.646419,0.899,71.53,0.1516
2026-03-17 11:49:19.695433,0.899,71.54,0.1649
2026-03-17 11:49:20.752685,0.899,71.55,0.124
2026-03-17 11:49:21.799078,0.899,71.56,0.1571
2026-03-17 11:49:22.845560,0.899,71.57,0.11510000000000001
2026-03-17 11:49:23.896207,0.899,71.57,0.1443
2026-03-17 11:49:24.951437,0.899,71.58,0.1608
2026-03-17 11:49:25.994890,0.899,71.59,0.1252
2026-03-17 11:49:27.044877,0.899,71.6,0.1469
2026-03-17 11:49:28.093037,0.899,71.61,0.1439
2026-03-17 11:49:29.135421,0.8991,71.62,0.1086
2026-03-17 11:49:30.168609,0.8991,71.63,0.1205
2026-03-17 11:49:31.215236,0.8991,71.64,0.15289999999999998
2026-03-17 11:49:32.269448,0.8991,71.64,0.1265
2026-03-17 11:49:33.312173,0.8991,71.65,0.1201
2026-03-17 11:49:34.360390,0.8991,71.66,0.1416
2026-03-17 11:49:35.433824,0.8991,71.67,0.1185
2026-03-17 11:49:36.480803,0.8991,71.68,0.10949999999999999
2026-03-17 11:49:37.526763,0.8991,71.69,0.1347
2026-03-17 11:49:38.580544,0.8991,71.7,0.127
2026-03-17 11:49:39.620428,0.8991,71.71,0.1412
2026-03-17 11:49:40.665505,0.8991,71.72,0.11499999999999999
2026-03-17 11:49:41.717684,0.8991,71.72,0.1173
2026-03-17 11:49:42.759664,0.8991,71.73,0.1176
2026-03-17 11:49:43.803654,0.8991,71.74,0.135
2026-03-17 11:49:44.851095,0.8991,71.75,0.1356
2026-03-17 11:49:45.899406,0.8991,71.76,0.1245
2026-03-17 11:49:46.948129,0.8991,71.77,0.1095
2026-03-17 11:49:47.997997,0.8991,71.78,0.13999999999999999
2026-03-17 11:49:49.049094,0.8991,71.79,0.1363
2026-03-17 11:49:50.109653,0.8991,71.8,0.1355
2026-03-17 11:49:51.168647,0.8991,71.8,0.1557
2026-03-17 11:49:52.211336,0.8991,71.81,0.1384
2026-03-17 11:49:53.252972,0.8991,71.82,0.1158
2026-03-17 11:49:54.300380,0.8991,71.83,0.1393
2026-03-17 11:49:55.346658,0.8991,71.84,0.1479
2026-03-17 11:49:56.394378,0.8991,71.85,0.0929
2026-03-17 11:49:57.441162,0.8991,71.86,0.10439999999999999
2026-03-17 11:49:58.488693,0.8991,71.87,0.1573
2026-03-17 11:49:59.534106,0.8991,71.88,0.1456
2026-03-17 11:50:00.581045,0.8991,71.88,0.14679999999999999
2026-03-17 11:50:01.626765,0.8991,71.89,0.1111
2026-03-17 11:50:02.677766,0.8991,71.9,0.0994
2026-03-17 11:50:03.722789,0.8992,71.91,0.10650000000000001
2026-03-17 11:50:04.767566,0.8992,71.92,0.1283
2026-03-17 11:50:05.792187,0.8992,71.93,0.1358
2026-03-17 11:50:06.846343,0.8992,71.94,0.0925
2026-03-17 11:50:07.903022,0.8992,71.95,0.1155
2026-03-17 11:50:08.949734,0.8992,71.96,0.11800000000000001
2026-03-17 11:50:10.000335,0.8992,71.96,0.1466
2026-03-17 11:50:11.038459,0.8992,71.97,0.1004
2026-03-17 11:50:12.089504,0.8992,71.98,0.1378
2026-03-17 11:50:13.134459,0.8992,71.99,0.1714
2026-03-17 11:50:14.181364,0.8992,72.0,0.1043
2026-03-17 11:50:15.223174,0.8992,72.01,0.13570000000000002
2026-03-17 11:50:16.265150,0.8992,72.02,0.1454
2026-03-17 11:50:17.312243,0.8992,72.03,0.15
2026-03-17 11:50:18.360094,0.8992,72.04,0.1128
2026-03-17 11:50:19.401789,0.8992,72.04,0.1295
2026-03-17 11:50:20.451792,0.8992,72.05,0.1391
2026-03-17 11:50:21.498444,0.8992,72.06,0.1379
2026-03-17 11:50:22.547265,0.8992,72.07,0.1224
2026-03-17 11:50:23.597648,0.8992,72.08,0.1125
2026-03-17 11:50:24.649653,0.8992,72.09,0.1171
2026-03-17 11:50:25.696848,0.8992,72.1,0.13470000000000001
2026-03-17 11:50:26.744064,0.8992,72.11,0.1577
2026-03-17 11:50:27.800763,0.8992,72.12,0.1098
2026-03-17 11:50:28.846204,0.8992,72.12,0.1274
2026-03-17 11:50:29.892432,0.8992,72.13,0.1023
2026-03-17 11:50:30.937476,0.8992,72.14,0.1134
2026-03-17 11:50:31.979863,0.8992,72.15,0.1215
2026-03-17 11:50:33.032404,0.8992,72.16,0.14379999999999998
2026-03-17 11:50:34.077007,0.8992,72.17,0.1422
2026-03-17 11:50:35.117626,0.8992,72.18,0.1212
2026-03-17 11:50:36.178233,0.8992,72.19,0.14679999999999999
2026-03-17 11:50:37.238007,0.8992,72.2,0.0868
2026-03-17 11:50:38.285679,0.8992,72.2,0.1114
2026-03-17 11:50:39.331843,0.8993,72.21,0.1106
2026-03-17 11:50:40.377470,0.8993,72.22,0.1188
2026-03-17 11:50:41.424912,0.8993,72.23,0.0951
2026-03-17 11:50:42.469718,0.8993,72.24,0.10779999999999999
2026-03-17 11:50:43.515599,0.8993,72.25,0.1266
2026-03-17 11:50:44.567616,0.8993,72.26,0.152
2026-03-17 11:50:45.624771,0.8993,72.27,0.1393
2026-03-17 11:50:46.682451,0.8993,72.28,0.14629999999999999
2026-03-17 11:50:47.728481,0.8993,72.29,0.12769999999999998
2026-03-17 11:50:48.776337,0.8993,72.29,0.1488
2026-03-17 11:50:49.809541,0.8993,72.3,0.0895
2026-03-17 11:50:50.832460,0.8993,72.31,0.0981
2026-03-17 11:50:51.878133,0.8993,72.32,0.1236
2026-03-17 11:50:52.923171,0.8993,72.33,0.1436
2026-03-17 11:50:53.972236,0.8993,72.34,0.0985
2026-03-17 11:50:55.019022,0.8993,72.35,0.1446
2026-03-17 11:50:56.069114,0.8993,72.36,0.1648
2026-03-17 11:50:57.124973,0.8993,72.37,0.12
2026-03-17 11:50:58.173079,0.8993,72.37,0.1232
2026-03-17 11:50:59.223875,0.8993,72.38,0.1466
2026-03-17 11:51:00.272342,0.8993,72.39,0.1097
2026-03-17 11:51:01.318261,0.8993,72.4,0.109
2026-03-17 11:51:02.367390,0.8993,72.41,0.1433
2026-03-17 11:51:03.402727,0.8993,72.42,0.1621
2026-03-17 11:51:04.447114,0.8993,72.43,0.1234
2026-03-17 11:51:05.475756,0.8993,72.44,0.0949
2026-03-17 11:51:06.522500,0.8993,72.44,0.1394
2026-03-17 11:51:07.563568,0.8993,72.45,0.1565
2026-03-17 11:51:08.612360,0.8993,72.46,0.1397
2026-03-17 11:51:09.652164,0.8993,72.47,0.1272
2026-03-17 11:51:10.698173,0.8993,72.48,0.1276
2026-03-17 11:51:11.749051,0.8993,72.49,0.1131
2026-03-17 11:51:12.796755,0.8993,72.5,0.1312
2026-03-17 11:51:13.843122,0.8993,72.51,0.17650000000000002
2026-03-17 11:51:14.891352,0.8993,72.52,0.10880000000000001
2026-03-17 11:51:15.940406,0.8993,72.52,0.11230000000000001
2026-03-17 11:51:16.988996,0.8993,72.53,0.1052
2026-03-17 11:51:18.033212,0.8994,72.54,0.1161
2026-03-17 11:51:19.083774,0.8994,72.55,0.1353
2026-03-17 11:51:20.124165,0.8994,72.56,0.1243
2026-03-17 11:51:21.156151,0.8994,72.57,0.14049999999999999
2026-03-17 11:51:22.211812,0.8994,72.58,0.0919
2026-03-17 11:51:23.279832,0.8994,72.59,0.1321
2026-03-17 11:51:24.336423,0.8994,72.6,0.11760000000000001
2026-03-17 11:51:25.383249,0.8994,72.61,0.0984
2026-03-17 11:51:26.429829,0.8994,72.61,0.13679999999999998
2026-03-17 11:51:27.474716,0.8994,72.62,0.1383
2026-03-17 11:51:28.522223,0.8994,72.63,0.1343
2026-03-17 11:51:29.569544,0.8994,72.64,0.1303
2026-03-17 11:51:30.622762,0.8994,72.65,0.1414
2026-03-17 11:51:31.669694,0.8994,72.66,0.1184
2026-03-17 11:51:32.717098,0.8994,72.67,0.1408
2026-03-17 11:51:33.765118,0.8994,72.68,0.10919999999999999
2026-03-17 11:51:34.814054,0.8994,72.69,0.104
2026-03-17 11:51:35.858964,0.8994,72.69,0.0912
2026-03-17 11:51:36.912677,0.8994,72.7,0.12079999999999999
2026-03-17 11:51:37.945893,0.8994,72.71,0.10769999999999999
2026-03-17 11:51:38.989342,0.8994,72.72,0.15
2026-03-17 11:51:40.015135,0.8994,72.73,0.1325
2026-03-17 11:51:41.066092,0.8994,72.74,0.1602
2026-03-17 11:51:42.119372,0.8994,72.75,0.12459999999999999
2026-03-17 11:51:43.156311,0.8994,72.76,0.1365
2026-03-17 11:51:44.198406,0.8994,72.76,0.1355
2026-03-17 11:51:45.265389,0.8994,72.77,0.1006
2026-03-17 11:51:46.323436,0.8994,72.78,0.1336
2026-03-17 11:51:47.366642,0.8994,72.79,0.1538
2026-03-17 11:51:48.435253,0.8994,72.8,0.1126
2026-03-17 11:51:49.487075,0.8994,72.81,0.0899
2026-03-17 11:51:50.533260,0.8994,72.82,0.1143
2026-03-17 11:51:51.577786,0.8994,72.83,0.12739999999999999
2026-03-17 11:51:52.618862,0.8994,72.84,0.1281
2026-03-17 11:51:53.663641,0.8994,72.85,0.0905
2026-03-17 11:51:54.691709,0.8994,72.86,0.11130000000000001
2026-03-17 11:51:55.739723,0.8994,72.86,0.1085
2026-03-17 11:51:56.788771,0.8994,72.87,0.1572
2026-03-17 11:51:57.849665,0.8994,72.88,0.0897
2026-03-17 11:51:58.895122,0.8994,72.89,0.103
2026-03-17 11:51:59.950968,0.8994,72.9,0.1009
2026-03-17 11:52:00.999172,0.8995,72.91,0.1008
2026-03-17 11:52:02.031419,0.8995,72.92,0.09380000000000001
2026-03-17 11:52:03.081175,0.8995,72.93,0.1167
2026-03-17 11:52:04.123181,0.8995,72.94,0.143
2026-03-17 11:52:05.179756,0.8995,72.95,0.0962
2026-03-17 11:52:06.245151,0.8995,72.96,0.113
2026-03-17 11:52:07.296959,0.8995,72.96,0.1372
2026-03-17 11:52:08.341576,0.8995,72.97,0.1261
2026-03-17 11:52:09.387036,0.8995,72.98,0.091
2026-03-17 11:52:10.430823,0.8995,72.99,0.1429
2026-03-17 11:52:11.477451,0.8995,73.0,0.1227
2026-03-17 11:52:12.521498,0.8995,73.01,0.13899999999999998
2026-03-17 11:52:13.567262,0.8995,73.02,0.12190000000000001
2026-03-17 11:52:14.605607,0.8995,73.03,0.1079
2026-03-17 11:52:15.651246,0.8995,73.04,0.1151
2026-03-17 11:52:16.697156,0.8995,73.04,0.121
2026-03-17 11:52:17.742133,0.8995,73.05,0.1106
2026-03-17 11:52:18.787746,0.8995,73.06,0.1172
2026-03-17 11:52:19.842272,0.8995,73.07,0.1142
2026-03-17 11:52:20.886576,0.8995,73.08,0.1434
2026-03-17 11:52:21.934672,0.8995,73.09,0.1436
2026-03-17 11:52:22.979731,0.8995,73.1,0.112
2026-03-17 11:52:24.037647,0.8995,73.11,0.1073
2026-03-17 11:52:25.092836,0.8995,73.12,0.1437
2026-03-17 11:52:26.138366,0.8995,73.12,0.1454
2026-03-17 11:52:27.193567,0.8995,73.13,0.10020000000000001
2026-03-17 11:52:28.257200,0.8995,73.14,0.11410000000000001
2026-03-17 11:52:29.305455,0.8995,73.15,0.12229999999999999
2026-03-17 11:52:30.351035,0.8995,73.16,0.1334
2026-03-17 11:52:31.380874,0.8995,73.17,0.1407
2026-03-17 11:52:32.426396,0.8995,73.18,0.12639999999999998
2026-03-17 11:52:33.472083,0.8995,73.19,0.1547
2026-03-17 11:52:34.524099,0.8995,73.2,0.114
2026-03-17 11:52:35.587000,0.8995,73.21,0.1103
2026-03-17 11:52:36.633799,0.8995,73.21,0.1374
2026-03-17 11:52:37.679416,0.8995,73.22,0.1475
2026-03-17 11:52:38.733380,0.8995,73.23,0.1558
2026-03-17 11:52:39.768429,0.8995,73.24,0.1363
2026-03-17 11:52:40.813761,0.8995,73.25,0.0986
2026-03-17 11:52:41.855834,0.8995,73.26,0.1455
2026-03-17 11:52:42.903382,0.8995,73.27,0.11259999999999999
2026-03-17 11:52:43.944697,0.8995,73.28,0.1099
2026-03-17 11:52:45.023700,0.8995,73.29,0.1184
2026-03-17 11:52:46.070715,0.8996,73.29,0.1026
2026-03-17 11:52:47.109457,0.8996,73.3,0.09709999999999999
2026-03-17 11:52:48.153312,0.8996,73.31,0.1292
2026-03-17 11:52:49.194251,0.8996,73.32,0.12340000000000001
2026-03-17 11:52:50.238846,0.8996,73.33,0.1368
2026-03-17 11:52:51.294772,0.8996,73.34,0.1313
2026-03-17 11:52:52.346139,0.8996,73.35,0.0968
2026-03-17 11:52:53.393615,0.8996,73.36,0.089
2026-03-17 11:52:54.437642,0.8996,73.37,0.1097
2026-03-17 11:52:55.487253,0.8996,73.38,0.133
2026-03-17 11:52:56.532949,0.8996,73.38,0.1066
2026-03-17 11:52:57.587792,0.8996,73.39,0.13940000000000002
2026-03-17 11:52:58.631839,0.8996,73.4,0.1029
2026-03-17 11:52:59.676943,0.8996,73.41,0.119
2026-03-17 11:53:00.724123,0.8996,73.42,0.118
2026-03-17 11:53:01.767916,0.8996,73.43,0.1227
2026-03-17 11:53:02.816642,0.8996,73.44,0.1348
2026-03-17 11:53:03.866748,0.8996,73.45,0.1357
2026-03-17 11:53:04.917723,0.8996,73.46,0.1088
2026-03-17 11:53:05.970148,0.8996,73.46,0.1617
2026-03-17 11:53:07.018617,0.8996,73.47,0.1272
2026-03-17 11:53:08.069381,0.8996,73.48,0.15489999999999998
2026-03-17 11:53:09.113909,0.8996,73.49,0.1296
2026-03-17 11:53:10.146445,0.8996,73.5,0.15309999999999999
2026-03-17 11:53:11.203327,0.8996,73.51,0.12240000000000001
2026-03-17 11:53:12.245217,0.8996,73.52,0.12040000000000001
2026-03-17 11:53:13.300720,0.8996,73.53,0.1256
2026-03-17 11:53:14.347672,0.8996,73.54,0.1357
2026-03-17 11:53:15.395478,0.8996,73.54,0.0964
2026-03-17 11:53:16.442347,0.8996,73.55,0.1182
2026-03-17 11:53:17.492026,0.8996,73.56,0.1199
2026-03-17 11:53:18.536727,0.8996,73.57,0.1182
2026-03-17 11:53:19.599425,0.8996,73.58,0.1281
2026-03-17 11:53:20.643014,0.8996,73.59,0.1101
2026-03-17 11:53:21.688667,0.8996,73.6,0.147
2026-03-17 11:53:22.737415,0.8996,73.61,0.1666
2026-03-17 11:53:23.782349,0.8996,73.62,0.1103
2026-03-17 11:53:24.817232,0.8996,73.62,0.1341
2026-03-17 11:53:25.872402,0.8996,73.63,0.1203
2026-03-17 11:53:26.922128,0.8996,73.64,0.1283
2026-03-17 11:53:27.972229,0.8996,73.65,0.1635
2026-03-17 11:53:29.024777,0.8996,73.66,0.0946
2026-03-17 11:53:30.068796,0.8996,73.67,0.134
2026-03-17 11:53:31.125240,0.8996,73.68,0.1374
2026-03-17 11:53:32.176219,0.8996,73.69,0.1103
2026-03-17 11:53:33.219481,0.8996,73.7,0.13779999999999998
2026-03-17 11:53:34.269379,0.8996,73.71,0.1047
2026-03-17 11:53:35.314084,0.8996,73.71,0.1186
2026-03-17 11:53:36.363878,0.8996,73.72,0.1216
2026-03-17 11:53:37.424442,0.8997,73.73,0.12459999999999999
2026-03-17 11:53:38.468595,0.8997,73.74,0.1707
2026-03-17 11:53:39.516425,0.8997,73.75,0.1244
2026-03-17 11:53:40.547001,0.8997,73.76,0.159
2026-03-17 11:53:41.594568,0.8997,73.77,0.10289999999999999
2026-03-17 11:53:42.642412,0.8997,73.78,0.093
2026-03-17 11:53:43.684834,0.8997,73.79,0.1389
2026-03-17 11:53:44.747680,0.8997,73.79,0.171
2026-03-17 11:53:45.780827,0.8997,73.8,0.1168
2026-03-17 11:53:47.142145,0.8997,73.81,0.143
2026-03-17 11:53:48.205401,0.8997,73.82,0.1158
2026-03-17 11:53:49.258577,0.8997,73.83,0.1079
2026-03-17 11:53:50.311334,0.8997,73.84,0.11460000000000001
2026-03-17 11:53:51.355726,0.8997,73.85,0.1164
2026-03-17 11:53:52.402682,0.8997,73.86,0.1333
2026-03-17 11:53:53.455161,0.8997,73.87,0.14800000000000002
2026-03-17 11:53:54.516943,0.8997,73.88,0.1061
2026-03-17 11:53:55.568845,0.8997,73.89,0.1043
2026-03-17 11:53:56.617897,0.8997,73.9,0.1016
2026-03-17 11:53:57.662749,0.8997,73.9,0.116
2026-03-17 11:53:58.713446,0.8997,73.91,0.1656
2026-03-17 11:53:59.758658,0.8997,73.92,0.1321
2026-03-17 11:54:00.811384,0.8997,73.93,0.1319
2026-03-17 11:54:01.863898,0.8997,73.94,0.1264
2026-03-17 11:54:02.910856,0.8997,73.95,0.1528
2026-03-17 11:54:03.953854,0.8997,73.96,0.1375
2026-03-17 11:54:05.012491,0.8997,73.97,0.1593
2026-03-17 11:54:06.070594,0.8997,73.97,0.1124
2026-03-17 11:54:07.117697,0.8997,73.98,0.121
2026-03-17 11:54:08.160782,0.8997,73.99,0.1299
2026-03-17 11:54:09.208250,0.8997,74.0,0.14100000000000001
2026-03-17 11:54:10.254852,0.8997,74.01,0.1005
2026-03-17 11:54:11.307427,0.8997,74.02,0.1611
2026-03-17 11:54:12.355149,0.8997,74.03,0.14400000000000002
2026-03-17 11:54:13.408781,0.8997,74.04,0.1558
2026-03-17 11:54:14.441253,0.8997,74.05,0.1138
2026-03-17 11:54:15.488122,0.8997,74.05,0.1111
2026-03-17 11:54:16.531449,0.8997,74.06,0.124
2026-03-17 11:54:17.578671,0.8997,74.07,0.1117
2026-03-17 11:54:18.627184,0.8997,74.08,0.1181
2026-03-17 11:54:19.670687,0.8997,74.09,0.1529
2026-03-17 11:54:20.749817,0.8997,74.1,0.0939
2026-03-17 11:54:21.798362,0.8997,74.11,0.1134
2026-03-17 11:54:22.845493,0.8997,74.12,0.09809999999999999
2026-03-17 11:54:23.898633,0.8997,74.13,0.1021
2026-03-17 11:54:24.945709,0.8997,74.14,0.1328
2026-03-17 11:54:25.987501,0.8997,74.14,0.1573
2026-03-17 11:54:27.036601,0.8997,74.15,0.0918
2026-03-17 11:54:28.082893,0.8997,74.16,0.1309
2026-03-17 11:54:29.129157,0.8997,74.17,0.1199
2026-03-17 11:54:30.151965,0.8997,74.18,0.0959
2026-03-17 11:54:31.208245,0.8997,74.19,0.10969999999999999
2026-03-17 11:54:32.248827,0.8997,74.2,0.1054
2026-03-17 11:54:33.296344,0.8997,74.21,0.14329999999999998
2026-03-17 11:54:34.339669,0.8997,74.22,0.139
2026-03-17 11:54:35.392968,0.8997,74.22,0.1314
2026-03-17 11:54:36.421452,0.8998,74.23,0.13
2026-03-17 11:54:37.479105,0.8998,74.24,0.0977
2026-03-17 11:54:38.524056,0.8998,74.25,0.1467
2026-03-17 11:54:39.568389,0.8998,74.26,0.15839999999999999
2026-03-17 11:54:40.610573,0.8998,74.27,0.1373
2026-03-17 11:54:41.666429,0.8998,74.28,0.1129
2026-03-17 11:54:42.717661,0.8998,74.29,0.11330000000000001
2026-03-17 11:54:43.759124,0.8998,74.3,0.118
2026-03-17 11:54:44.819131,0.8998,74.3,0.14889999999999998
2026-03-17 11:54:45.880016,0.8998,74.31,0.1239
2026-03-17 11:54:46.932675,0.8998,74.32,0.1403
2026-03-17 11:54:47.985824,0.8998,74.33,0.1638
2026-03-17 11:54:49.030883,0.8998,74.34,0.143
2026-03-17 11:54:50.082749,0.8998,74.35,0.1271
2026-03-17 11:54:51.122397,0.8998,74.36,0.11220000000000001
2026-03-17 11:54:52.176140,0.8998,74.37,0.1285
2026-03-17 11:54:53.228808,0.8998,74.38,0.11739999999999999
2026-03-17 11:54:54.276464,0.8998,74.39,0.09390000000000001
2026-03-17 11:54:55.333699,0.8998,74.39,0.11810000000000001
2026-03-17 11:54:56.379837,0.8998,74.4,0.1256
2026-03-17 11:54:57.433731,0.8998,74.41,0.1179
2026-03-17 11:54:58.482760,0.8998,74.42,0.14150000000000001
2026-03-17 11:54:59.531662,0.8998,74.43,0.1363
2026-03-17 11:55:00.586707,0.8998,74.44,0.1424
2026-03-17 11:55:01.639763,0.8998,74.45,0.1488
2026-03-17 11:55:02.668514,0.8998,74.46,0.1178
2026-03-17 11:55:03.714866,0.8998,74.46,0.1389
2026-03-17 11:55:04.758891,0.8998,74.47,0.1411
2026-03-17 11:55:05.840450,0.8998,74.48,0.15889999999999999
2026-03-17 11:55:06.881728,0.8998,74.49,0.1301
2026-03-17 11:55:07.926204,0.8998,74.5,0.1203
2026-03-17 11:55:08.972659,0.8998,74.51,0.1096
2026-03-17 11:55:10.021525,0.8998,74.52,0.1135
2026-03-17 11:55:11.070813,0.8998,74.53,0.1159
2026-03-17 11:55:12.119161,0.8998,74.54,0.0837
2026-03-17 11:55:13.168883,0.8998,74.55,0.1124
2026-03-17 11:55:14.201890,0.8998,74.55,0.1197
2026-03-17 11:55:15.248674,0.8998,74.56,0.10719999999999999
2026-03-17 11:55:16.303034,0.8998,74.57,0.1509
2026-03-17 11:55:17.351120,0.8998,74.58,0.1371
2026-03-17 11:55:18.406155,0.8998,74.59,0.1584
2026-03-17 11:55:19.453437,0.8998,74.6,0.146
2026-03-17 11:55:20.501416,0.8998,74.61,0.1511
2026-03-17 11:55:21.551506,0.8998,74.62,0.1207
2026-03-17 11:55:22.604524,0.8998,74.63,0.08650000000000001
2026-03-17 11:55:23.632766,0.8998,74.63,0.1691
2026-03-17 11:55:24.686881,0.8998,74.64,0.1001
2026-03-17 11:55:25.736781,0.8998,74.65,0.1359
2026-03-17 11:55:26.784175,0.8998,74.66,0.1239
2026-03-17 11:55:27.812744,0.8998,74.67,0.1609
2026-03-17 11:55:28.867954,0.8998,74.68,0.1353
2026-03-17 11:55:29.917645,0.8998,74.69,0.1112
2026-03-17 11:55:30.964173,0.8998,74.7,0.1455
2026-03-17 11:55:32.010445,0.8998,74.7,0.1071
2026-03-17 11:55:33.059498,0.8998,74.71,0.16920000000000002
2026-03-17 11:55:34.106378,0.8998,74.72,0.1123
2026-03-17 11:55:35.160833,0.8998,74.73,0.1535
2026-03-17 11:55:36.202466,0.8998,74.74,0.1186
2026-03-17 11:55:37.249050,0.8998,74.75,0.0948
2026-03-17 11:55:38.296929,0.8998,74.76,0.1264
2026-03-17 11:55:39.343078,0.8998,74.77,0.1342
2026-03-17 11:55:40.394864,0.8998,74.78,0.1217
2026-03-17 11:55:41.440198,0.8998,74.79,0.1004
2026-03-17 11:55:42.470846,0.8998,74.79,0.1612
2026-03-17 11:55:43.519986,0.8998,74.8,0.128
2026-03-17 11:55:44.579244,0.8998,74.81,0.1409
2026-03-17 11:55:45.624127,0.8998,74.82,0.1343
2026-03-17 11:55:46.669132,0.8998,74.83,0.1561
2026-03-17 11:55:47.714851,0.8998,74.84,0.11760000000000001
2026-03-17 11:55:48.768153,0.8998,74.85,0.1394
2026-03-17 11:55:49.806320,0.8999,74.85,0.1626
2026-03-17 11:55:50.841515,0.8999,74.86,0.1238
2026-03-17 11:55:51.869819,0.8999,74.87,0.1384
2026-03-17 11:55:52.924942,0.8999,74.88,0.1476
2026-03-17 11:55:53.971604,0.8999,74.89,0.1338
2026-03-17 11:55:55.020518,0.8999,74.9,0.10899999999999999
2026-03-17 11:55:56.068581,0.8999,74.91,0.1383
2026-03-17 11:55:57.118243,0.8999,74.92,0.1281
2026-03-17 11:55:58.146197,0.8999,74.93,0.1339
2026-03-17 11:55:59.177672,0.8999,74.93,0.1527
2026-03-17 11:56:00.222559,0.8999,74.94,0.11729999999999999
2026-03-17 11:56:01.272686,0.8999,74.95,0.11
2026-03-17 11:56:02.317484,0.8999,74.96,0.1247
2026-03-17 11:56:03.360074,0.8999,74.97,0.1573
2026-03-17 11:56:04.406731,0.8999,74.98,0.15089999999999998
2026-03-17 11:56:05.462648,0.8999,74.99,0.1303
2026-03-17 11:56:06.508344,0.8999,75.0,0.1078
2026-03-17 11:56:07.537274,0.8999,75.0,0.1152
2026-03-17 11:56:08.583849,0.8999,75.01,0.1231
2026-03-17 11:56:09.632127,0.8999,75.02,0.11710000000000001
2026-03-17 11:56:10.676811,0.8999,75.03,0.1401
2026-03-17 11:56:11.723448,0.8999,75.04,0.1549
2026-03-17 11:56:12.772061,0.8999,75.05,0.1125
2026-03-17 11:56:13.818035,0.8999,75.06,0.161
2026-03-17 11:56:14.864503,0.8999,75.07,0.1425
2026-03-17 11:56:15.909683,0.8999,75.08,0.1353
2026-03-17 11:56:16.958676,0.8999,75.08,0.1143
2026-03-17 11:56:18.004840,0.8999,75.09,0.1054
2026-03-17 11:56:19.052827,0.8999,75.1,0.1485
2026-03-17 11:56:20.099878,0.8999,75.11,0.1146
2026-03-17 11:56:21.145587,0.8999,75.12,0.1064
2026-03-17 11:56:22.195651,0.8999,75.13,0.1264
2026-03-17 11:56:23.243384,0.8999,75.14,0.1432
2026-03-17 11:56:24.289201,0.8999,75.15,0.1139
2026-03-17 11:56:25.335068,0.8999,75.16,0.1188
2026-03-17 11:56:26.374242,0.8999,75.16,0.1524
2026-03-17 11:56:27.426697,0.8999,75.17,0.16949999999999998
2026-03-17 11:56:28.480690,0.8999,75.18,0.1115
2026-03-17 11:56:29.523076,0.8999,75.19,0.142
2026-03-17 11:56:30.572926,0.8999,75.2,0.1656
2026-03-17 11:56:31.615656,0.8999,75.21,0.136
2026-03-17 11:56:32.666052,0.8999,75.22,0.1539
2026-03-17 11:56:33.722893,0.8999,75.23,0.1257
2026-03-17 11:56:34.769420,0.8999,75.23,0.142
2026-03-17 11:56:35.836089,0.8999,75.24,0.1634
2026-03-17 11:56:36.883859,0.8999,75.25,0.1193
2026-03-17 11:56:37.934503,0.8999,75.26,0.08990000000000001
2026-03-17 11:56:38.980814,0.8999,75.27,0.1388
2026-03-17 11:56:40.025722,0.8999,75.28,0.1583
2026-03-17 11:56:41.079361,0.8999,75.29,0.1419
2026-03-17 11:56:42.126509,0.8999,75.3,0.11829999999999999
2026-03-17 11:56:43.173419,0.8999,75.31,0.1369
2026-03-17 11:56:44.212921,0.8999,75.31,0.1012
2026-03-17 11:56:45.259709,0.8999,75.32,0.1456
2026-03-17 11:56:46.286832,0.8999,75.33,0.1079
2026-03-17 11:56:47.336915,0.8999,75.34,0.1204
2026-03-17 11:56:48.386980,0.8999,75.35,0.1187
2026-03-17 11:56:49.433522,0.8999,75.36,0.1095
2026-03-17 11:56:50.488850,0.8999,75.37,0.1148
2026-03-17 11:56:51.532795,0.8999,75.38,0.1467
2026-03-17 11:56:52.581912,0.8999,75.39,0.13090000000000002
2026-03-17 11:56:53.629651,0.8999,75.39,0.106
2026-03-17 11:56:54.674456,0.8999,75.4,0.1159
2026-03-17 11:56:55.726474,0.8999,75.41,0.1441
2026-03-17 11:56:56.783488,0.8999,75.42,0.1021
2026-03-17 11:56:57.836056,0.8999,75.43,0.0837
2026-03-17 11:56:58.881418,0.8999,75.44,0.11660000000000001
2026-03-17 11:56:59.929419,0.8999,75.45,0.1026
2026-03-17 11:57:00.974246,0.8999,75.46,0.0915
2026-03-17 11:57:02.020366,0.8999,75.47,0.1087
2026-03-17 11:57:03.068864,0.8999,75.48,0.1412
2026-03-17 11:57:04.117723,0.8999,75.49,0.1428
2026-03-17 11:57:05.196070,0.8999,75.49,0.1621
2026-03-17 11:57:06.288433,0.8999,75.5,0.109
2026-03-17 11:57:07.340843,0.8999,75.51,0.1472
2026-03-17 11:57:08.388082,0.8999,75.52,0.1241
2026-03-17 11:57:09.438339,0.8999,75.53,0.1418
2026-03-17 11:57:10.484009,0.8999,75.54,0.0937
2026-03-17 11:57:11.538590,0.8999,75.55,0.1005
2026-03-17 11:57:12.584454,0.8999,75.56,0.123
2026-03-17 11:57:13.633499,0.8999,75.57,0.1119
2026-03-17 11:57:14.678229,0.8999,75.58,0.11330000000000001
2026-03-17 11:57:15.726451,0.8999,75.58,0.159
2026-03-17 11:57:16.770682,0.8999,75.59,0.1545
2026-03-17 11:57:17.819945,0.8999,75.6,0.1057
2026-03-17 11:57:18.864730,0.8999,75.61,0.1406
2026-03-17 11:57:19.913842,0.8999,75.62,0.125
2026-03-17 11:57:20.973267,0.8999,75.63,0.12739999999999999
2026-03-17 11:57:22.016642,0.8999,75.64,0.1532
2026-03-17 11:57:23.061848,0.8999,75.65,0.12060000000000001
2026-03-17 11:57:24.106929,0.8999,75.65,0.1196
2026-03-17 11:57:25.169571,0.8999,75.66,0.1089
2026-03-17 11:57:26.217915,0.8999,75.67,0.1397
2026-03-17 11:57:27.264384,0.8999,75.68,0.0976
2026-03-17 11:57:28.321832,0.8999,75.69,0.1043
2026-03-17 11:57:29.376942,0.8999,75.7,0.1574
2026-03-17 11:57:30.422142,0.8999,75.71,0.12190000000000001
2026-03-17 11:57:31.471717,0.8999,75.72,0.122
2026-03-17 11:57:32.519353,0.8999,75.73,0.1603
2026-03-17 11:57:33.567758,0.8999,75.74,0.1449
2026-03-17 11:57:34.621603,0.8999,75.74,0.14450000000000002
2026-03-17 11:57:35.673429,0.8999,75.75,0.1028
2026-03-17 11:57:36.716347,0.9,75.76,0.13999999999999999
2026-03-17 11:57:37.757157,0.9,75.77,0.1479
2026-03-17 11:57:38.800472,0.9,75.78,0.146
2026-03-17 11:57:39.828912,0.9,75.79,0.14579999999999999
2026-03-17 11:57:40.897349,0.9,75.8,0.1477
2026-03-17 11:57:41.943853,0.9,75.81,0.1273
2026-03-17 11:57:42.987676,0.9,75.81,0.1613
2026-03-17 11:57:44.031355,0.9,75.82,0.1205
2026-03-17 11:57:45.077177,0.9,75.83,0.1565
2026-03-17 11:57:46.126182,0.9,75.84,0.1125
2026-03-17 11:57:47.176774,0.9,75.85,0.1382
2026-03-17 11:57:48.222221,0.9,75.86,0.1199
2026-03-17 11:57:49.267735,0.9,75.87,0.1533
2026-03-17 11:57:50.323478,0.9,75.88,0.12200000000000001
2026-03-17 11:57:51.368742,0.9,75.88,0.12459999999999999
2026-03-17 11:57:52.417948,0.9,75.89,0.106
2026-03-17 11:57:53.464186,0.9,75.9,0.0983
2026-03-17 11:57:54.511806,0.9,75.91,0.11
2026-03-17 11:57:55.560564,0.9,75.92,0.1437
2026-03-17 11:57:56.594454,0.9,75.93,0.11800000000000001
2026-03-17 11:57:57.642842,0.9,75.94,0.1262
2026-03-17 11:57:58.687574,0.9,75.95,0.1229
2026-03-17 11:57:59.733079,0.9,75.96,0.09709999999999999
2026-03-17 11:58:00.791219,0.9,75.97,0.0989
2026-03-17 11:58:01.843465,0.9,75.98,0.1281
2026-03-17 11:58:02.892371,0.9,75.98,0.1416
2026-03-17 11:58:03.936859,0.9,75.99,0.1325
2026-03-17 11:58:04.981116,0.9,76.0,0.101
2026-03-17 11:58:06.006921,0.9,76.01,0.1285
2026-03-17 11:58:07.054567,0.9,76.02,0.1138
2026-03-17 11:58:08.106589,0.9,76.03,0.1648
2026-03-17 11:58:09.156982,0.9,76.04,0.1669
2026-03-17 11:58:10.203153,0.9,76.05,0.1028
2026-03-17 11:58:11.247206,0.9,76.05,0.1075
2026-03-17 11:58:12.295852,0.9,76.06,0.1578
2026-03-17 11:58:13.340837,0.9,76.07,0.1242
2026-03-17 11:58:14.385789,0.9,76.08,0.1603
2026-03-17 11:58:15.433444,0.9,76.09,0.1393
2026-03-17 11:58:16.479016,0.9,76.1,0.1476
2026-03-17 11:58:17.524401,0.9,76.11,0.12079999999999999
2026-03-17 11:58:18.568742,0.9,76.12,0.11829999999999999
2026-03-17 11:58:19.624043,0.9,76.12,0.1579
2026-03-17 11:58:20.668645,0.9,76.13,0.0973
2026-03-17 11:58:21.696386,0.9,76.14,0.11549999999999999
2026-03-17 11:58:22.742774,0.9,76.15,0.1198
2026-03-17 11:58:23.772820,0.9,76.16,0.1236
2026-03-17 11:58:24.813440,0.9,76.17,0.1684
2026-03-17 11:58:25.871008,0.9,76.18,0.1386
2026-03-17 11:58:26.915776,0.9,76.19,0.1237
2026-03-17 11:58:27.960091,0.9,76.2,0.1277
2026-03-17 11:58:29.016038,0.9,76.2,0.1264
2026-03-17 11:58:30.070456,0.9,76.21,0.1596
2026-03-17 11:58:31.115918,0.9,76.22,0.10089999999999999
2026-03-17 11:58:32.158597,0.9,76.23,0.1286
2026-03-17 11:58:33.202678,0.9,76.24,0.1324
2026-03-17 11:58:34.253645,0.9,76.25,0.1197
2026-03-17 11:58:35.309794,0.9,76.26,0.0954
2026-03-17 11:58:36.372541,0.9,76.27,0.1441
2026-03-17 11:58:37.433173,0.9,76.28,0.1308
2026-03-17 11:58:38.482455,0.9,76.29,0.1131
2026-03-17 11:58:39.531423,0.9,76.29,0.1129
2026-03-17 11:58:40.579160,0.9,76.3,0.1246
2026-03-17 11:58:41.627009,0.9,76.31,0.111
2026-03-17 11:58:42.694828,0.9,76.32,0.1361
2026-03-17 11:58:43.743771,0.9,76.33,0.0954
2026-03-17 11:58:44.789341,0.9,76.34,0.1144
2026-03-17 11:58:45.838236,0.9,76.35,0.1136
2026-03-17 11:58:46.892880,0.9,76.36,0.1261
2026-03-17 11:58:47.944143,0.9,76.37,0.1535
2026-03-17 11:58:48.985620,0.9,76.38,0.1099
2026-03-17 11:58:50.030810,0.9,76.38,0.137
2026-03-17 11:58:51.068126,0.9,76.39,0.1276
2026-03-17 11:58:52.094757,0.9,76.4,0.1266
2026-03-17 11:58:53.152992,0.9,76.41,0.09519999999999999
2026-03-17 11:58:54.208138,0.9,76.42,0.1455
2026-03-17 11:58:55.256475,0.9,76.43,0.1381
2026-03-17 11:58:56.285415,0.9,76.44,0.1377
2026-03-17 11:58:57.333596,0.9,76.45,0.14250000000000002
2026-03-17 11:58:58.379039,0.9,76.45,0.1328
2026-03-17 11:58:59.424918,0.9,76.46,0.15739999999999998
2026-03-17 11:59:00.475279,0.9,76.47,0.1618
2026-03-17 11:59:01.528010,0.9,76.48,0.1316
2026-03-17 11:59:02.573052,0.9,76.49,0.0992
2026-03-17 11:59:03.622868,0.9,76.5,0.157
2026-03-17 11:59:04.674376,0.9,76.51,0.12860000000000002
2026-03-17 11:59:05.720504,0.9,76.52,0.1586
2026-03-17 11:59:06.743026,0.9,76.52,0.1275
2026-03-17 11:59:07.802271,0.9,76.53,0.1346
2026-03-17 11:59:08.853518,0.9,76.54,0.11180000000000001
2026-03-17 11:59:09.876642,0.9,76.55,0.1036
2026-03-17 11:59:10.920977,0.9,76.56,0.1459
2026-03-17 11:59:11.964701,0.9,76.57,0.1217
2026-03-17 11:59:13.021717,0.9,76.58,0.1016
2026-03-17 11:59:14.076189,0.9,76.59,0.1178
2026-03-17 11:59:15.116892,0.9,76.6,0.0989
2026-03-17 11:59:16.164678,0.9,76.61,0.087
2026-03-17 11:59:17.211848,0.9,76.62,0.1124
2026-03-17 11:59:18.259141,0.9,76.62,0.1347
2026-03-17 11:59:19.305090,0.9,76.63,0.1412
2026-03-17 11:59:20.357654,0.9,76.64,0.1115
2026-03-17 11:59:21.437193,0.9,76.65,0.12090000000000001
2026-03-17 11:59:22.480962,0.9,76.66,0.092
2026-03-17 11:59:23.529907,0.9,76.67,0.09759999999999999
2026-03-17 11:59:24.576943,0.9,76.68,0.1309
2026-03-17 11:59:25.634185,0.9,76.69,0.1363
2026-03-17 11:59:26.677694,0.9,76.7,0.1625
2026-03-17 11:59:27.725542,0.9,76.71,0.0922
2026-03-17 11:59:28.771405,0.9,76.71,0.10969999999999999
2026-03-17 11:59:29.826506,0.9,76.72,0.11270000000000001
2026-03-17 11:59:30.873148,0.9,76.73,0.1065
2026-03-17 11:59:31.924486,0.9,76.74,0.0882
2026-03-17 11:59:32.972268,0.9,76.75,0.1208
2026-03-17 11:59:34.017235,0.9,76.76,0.1647
2026-03-17 11:59:35.065903,0.9,76.77,0.1052
2026-03-17 11:59:36.124704,0.9,76.78,0.1567
2026-03-17 11:59:37.182534,0.9,76.79,0.1431
2026-03-17 11:59:38.226052,0.9,76.79,0.1241
2026-03-17 11:59:39.247833,0.9,76.8,0.1432
2026-03-17 11:59:40.292894,0.9,76.81,0.1001
2026-03-17 11:59:41.316612,0.9,76.82,0.1118
2026-03-17 11:59:42.370774,0.9,76.83,0.1196
2026-03-17 11:59:43.416531,0.9,76.84,0.1492
2026-03-17 11:59:44.470063,0.9,76.85,0.1411
2026-03-17 11:59:45.515239,0.9,76.86,0.10239999999999999
2026-03-17 11:59:46.564188,0.9,76.87,0.1512
2026-03-17 11:59:47.611807,0.9,76.87,0.1303
2026-03-17 11:59:48.656985,0.9,76.88,0.1132
2026-03-17 11:59:49.699386,0.9,76.89,0.153
2026-03-17 11:59:50.744438,0.9,76.9,0.15560000000000002
2026-03-17 11:59:51.793408,0.9,76.91,0.1315
2026-03-17 11:59:52.840335,0.9,76.92,0.1326
2026-03-17 11:59:53.892425,0.9,76.93,0.08979999999999999
2026-03-17 11:59:54.916437,0.9,76.94,0.1512
2026-03-17 11:59:55.974744,0.9,76.95,0.14409999999999998
2026-03-17 11:59:57.020429,0.9,76.95,0.1437
2026-03-17 11:59:58.067891,0.9,76.96,0.1501
2026-03-17 11:59:59.117465,0.9,76.97,0.094
2026-03-17 12:00:00.168998,0.9,76.98,0.1304
2026-03-17 12:00:01.211822,0.9,76.99,0.1436
2026-03-17 12:00:02.268815,0.9,77.0,0.11699999999999999
2026-03-17 12:00:03.314039,0.9,77.01,0.14350000000000002
2026-03-17 12:00:04.357647,0.9,77.02,0.1028
2026-03-17 12:00:05.404795,0.9,77.03,0.1198
2026-03-17 12:00:06.489437,0.9,77.03,0.1578
2026-03-17 12:00:07.542807,0.9,77.04,0.1515
2026-03-17 12:00:08.596633,0.9,77.05,0.1525
2026-03-17 12:00:09.641725,0.9,77.06,0.1485
2026-03-17 12:00:10.673156,0.9,77.07,0.1387
2026-03-17 12:00:11.725761,0.9,77.08,0.1241
2026-03-17 12:00:12.771611,0.9,77.09,0.14150000000000001
2026-03-17 12:00:13.806171,0.9,77.1,0.1266
2026-03-17 12:00:14.850437,0.9,77.1,0.0999
2026-03-17 12:00:15.904724,0.9,77.11,0.1273
2026-03-17 12:00:16.950637,0.9,77.12,0.1577
2026-03-17 12:00:17.992792,0.9,77.13,0.117
2026-03-17 12:00:19.041082,0.9,77.14,0.1052
2026-03-17 12:00:20.086922,0.9,77.15,0.1335
2026-03-17 12:00:21.163103,0.9,77.16,0.0955
2026-03-17 12:00:22.213694,0.9,77.17,0.1152
2026-03-17 12:00:23.263774,0.9,77.18,0.1499
2026-03-17 12:00:24.305448,0.9,77.18,0.11449999999999999
2026-03-17 12:00:25.362133,0.9,77.19,0.1124
2026-03-17 12:00:26.407719,0.9,77.2,0.1636
2026-03-17 12:00:27.462571,0.9,77.21,0.1079
2026-03-17 12:00:28.512721,0.9,77.22,0.1116
2026-03-17 12:00:29.562919,0.9,77.23,0.1239
2026-03-17 12:00:30.605538,0.9,77.24,0.1192
2026-03-17 12:00:31.648344,0.9,77.25,0.133
2026-03-17 12:00:32.695770,0.9,77.26,0.1613
2026-03-17 12:00:33.743035,0.9,77.27,0.12090000000000001
2026-03-17 12:00:34.795595,0.9,77.27,0.1275
2026-03-17 12:00:35.846319,0.9,77.28,0.1055
2026-03-17 12:00:36.900896,0.9,77.29,0.14
2026-03-17 12:00:37.954953,0.9,77.3,0.1529
2026-03-17 12:00:39.005001,0.9,77.31,0.1396
2026-03-17 12:00:40.061728,0.9,77.32,0.1263
2026-03-17 12:00:41.112886,0.9,77.33,0.1086
2026-03-17 12:00:42.160711,0.9,77.34,0.1138
2026-03-17 12:00:43.206013,0.9,77.35,0.1457
2026-03-17 12:00:44.252130,0.9,77.35,0.1344
2026-03-17 12:00:45.297547,0.9,77.36,0.137
2026-03-17 12:00:46.346075,0.9,77.37,0.1215
2026-03-17 12:00:47.394130,0.9,77.38,0.1622
2026-03-17 12:00:48.451745,0.9,77.39,0.11710000000000001
2026-03-17 12:00:49.514167,0.9,77.4,0.1347
2026-03-17 12:00:50.550655,0.9,77.41,0.1437
2026-03-17 12:00:51.618804,0.9,77.42,0.1451
2026-03-17 12:00:52.663586,0.9,77.42,0.1168
2026-03-17 12:00:53.713893,0.9,77.43,0.1345
2026-03-17 12:00:54.774990,0.9,77.44,0.0916
2026-03-17 12:00:55.831854,0.9,77.45,0.1276
2026-03-17 12:00:56.880840,0.9,77.46,0.13269999999999998
2026-03-17 12:00:57.929705,0.9,77.47,0.1514
2026-03-17 12:00:58.976109,0.9,77.48,0.1553
2026-03-17 12:01:00.023488,0.9,77.49,0.1187
2026-03-17 12:01:01.068974,0.9,77.5,0.1555
2026-03-17 12:01:02.114814,0.9,77.5,0.1121
2026-03-17 12:01:03.160929,0.9,77.51,0.10400000000000001
2026-03-17 12:01:04.211482,0.9,77.52,0.1674
2026-03-17 12:01:05.261192,0.9,77.53,0.09899999999999999
2026-03-17 12:01:06.291462,0.9,77.54,0.11520000000000001
2026-03-17 12:01:07.338883,0.9,77.55,0.1076
2026-03-17 12:01:08.394448,0.9,77.56,0.1053
2026-03-17 12:01:09.445773,0.9,77.57,0.1523
2026-03-17 12:01:10.491442,0.9,77.58,0.1133
2026-03-17 12:01:11.551420,0.9,77.59,0.1363
2026-03-17 12:01:12.609111,0.9,77.59,0.1009
2026-03-17 12:01:13.653600,0.9,77.6,0.1223
2026-03-17 12:01:14.696629,0.9,77.61,0.1213
2026-03-17 12:01:15.744554,0.9,77.62,0.1077
2026-03-17 12:01:16.795707,0.9,77.63,0.1101
2026-03-17 12:01:17.854361,0.9,77.64,0.1363
2026-03-17 12:01:18.909496,0.9,77.65,0.15339999999999998
2026-03-17 12:01:19.968951,0.9,77.66,0.1256
2026-03-17 12:01:20.995928,0.9,77.67,0.1059
2026-03-17 12:01:22.048454,0.9,77.68,0.13240000000000002
2026-03-17 12:01:23.102766,0.9,77.68,0.12840000000000001
2026-03-17 12:01:24.148127,0.9,77.69,0.1438
2026-03-17 12:01:25.194388,0.9,77.7,0.1021
2026-03-17 12:01:26.238503,0.9,77.71,0.12840000000000001
2026-03-17 12:01:27.282612,0.9,77.72,0.158
2026-03-17 12:01:28.328857,0.9,77.73,0.1089
2026-03-17 12:01:29.354758,0.9,77.74,0.1328
2026-03-17 12:01:30.400403,0.9,77.75,0.1366
2026-03-17 12:01:31.446641,0.9,77.75,0.1712
2026-03-17 12:01:32.498058,0.9,77.76,0.1064
2026-03-17 12:01:33.553040,0.9,77.77,0.11460000000000001
2026-03-17 12:01:34.608610,0.9,77.78,0.1288
2026-03-17 12:01:35.666474,0.9,77.79,0.1343
2026-03-17 12:01:36.702112,0.9,77.8,0.1151
2026-03-17 12:01:37.747277,0.9,77.81,0.0992
2026-03-17 12:01:38.793965,0.9,77.82,0.1454
2026-03-17 12:01:39.873778,0.9,77.83,0.1178
2026-03-17 12:01:40.923480,0.9,77.84,0.1437
2026-03-17 12:01:41.976827,0.9,77.84,0.1046
2026-03-17 12:01:43.028689,0.9,77.85,0.1081
2026-03-17 12:01:44.074118,0.9,77.86,0.097
2026-03-17 12:01:45.131782,0.9,77.87,0.1368
2026-03-17 12:01:46.177841,0.9,77.88,0.10339999999999999
2026-03-17 12:01:47.224351,0.9,77.89,0.1081
2026-03-17 12:01:48.269022,0.9,77.9,0.1354
2026-03-17 12:01:49.313249,0.9,77.91,0.1411
2026-03-17 12:01:50.359376,0.9,77.92,0.1219
2026-03-17 12:01:51.401373,0.9,77.93,0.14350000000000002
2026-03-17 12:01:52.448054,0.9,77.93,0.0954
2026-03-17 12:01:53.500491,0.9,77.94,0.15059999999999998
2026-03-17 12:01:54.557443,0.9,77.95,0.1188
2026-03-17 12:01:55.603232,0.9,77.96,0.1328
2026-03-17 12:01:56.649443,0.9,77.97,0.13419999999999999
2026-03-17 12:01:57.694154,0.9,77.98,0.115
2026-03-17 12:01:58.740845,0.9,77.99,0.1396
2026-03-17 12:01:59.786720,0.9,78.0,0.1444
2026-03-17 12:02:00.832495,0.9,78.01,0.11910000000000001
2026-03-17 12:02:01.878250,0.9,78.01,0.133
2026-03-17 12:02:02.909680,0.9,78.02,0.1268
2026-03-17 12:02:03.961131,0.9,78.03,0.1555
2026-03-17 12:02:05.020841,0.9,78.04,0.1091
2026-03-17 12:02:06.078251,0.9,78.05,0.12290000000000001
2026-03-17 12:02:07.127729,0.9,78.06,0.1103
2026-03-17 12:02:08.180057,0.9,78.07,0.1283
2026-03-17 12:02:09.228815,0.9,78.08,0.1162
2026-03-17 12:02:10.274619,0.9,78.09,0.1186
2026-03-17 12:02:11.325778,0.9,78.09,0.13920000000000002
2026-03-17 12:02:12.370975,0.9,78.1,0.1102
2026-03-17 12:02:13.419053,0.9,78.11,0.1263
2026-03-17 12:02:14.476555,0.9,78.12,0.15439999999999998
2026-03-17 12:02:15.530450,0.9,78.13,0.1174
2026-03-17 12:02:16.576426,0.9,78.14,0.1137
2026-03-17 12:02:17.613817,0.9,78.15,0.1617
2026-03-17 12:02:18.660440,0.9,78.16,0.15410000000000001
2026-03-17 12:02:19.711729,0.9,78.17,0.1197
2026-03-17 12:02:20.758861,0.9,78.17,0.1582
2026-03-17 12:02:21.785169,0.9,78.18,0.1052
2026-03-17 12:02:22.827763,0.9,78.19,0.1351
2026-03-17 12:02:23.876082,0.9,78.2,0.1475
2026-03-17 12:02:24.911471,0.9,78.21,0.105
2026-03-17 12:02:25.961080,0.8999,78.22,0.1409
2026-03-17 12:02:27.008614,0.8999,78.23,0.12029999999999999
2026-03-17 12:02:28.060260,0.8999,78.24,0.1291
2026-03-17 12:02:29.115517,0.8999,78.25,0.1154
2026-03-17 12:02:30.163327,0.8999,78.25,0.104
2026-03-17 12:02:31.207763,0.8999,78.26,0.1401
2026-03-17 12:02:32.254506,0.8999,78.27,0.14730000000000001
2026-03-17 12:02:33.297455,0.8999,78.28,0.13799999999999998
2026-03-17 12:02:34.340962,0.8999,78.29,0.1351
2026-03-17 12:02:35.393262,0.8999,78.3,0.1576
2026-03-17 12:02:36.421796,0.8999,78.31,0.0887
2026-03-17 12:02:37.470408,0.8999,78.32,0.1132
2026-03-17 12:02:38.514901,0.8999,78.33,0.1171
2026-03-17 12:02:39.559437,0.8999,78.33,0.1193
2026-03-17 12:02:40.608165,0.8999,78.34,0.1253
2026-03-17 12:02:41.650524,0.8999,78.35,0.11570000000000001
2026-03-17 12:02:42.679841,0.8999,78.36,0.1379
2026-03-17 12:02:43.725088,0.8999,78.37,0.16499999999999998
2026-03-17 12:02:44.770691,0.8999,78.38,0.1473
2026-03-17 12:02:45.826630,0.8999,78.39,0.13090000000000002
2026-03-17 12:02:46.885908,0.8999,78.4,0.12990000000000002
2026-03-17 12:02:47.936782,0.8999,78.4,0.0942
2026-03-17 12:02:48.989987,0.8999,78.41,0.1319
2026-03-17 12:02:50.037075,0.8999,78.42,0.1492
2026-03-17 12:02:51.088069,0.8999,78.43,0.14329999999999998
2026-03-17 12:02:52.128677,0.8999,78.44,0.12029999999999999
2026-03-17 12:02:53.182585,0.8999,78.45,0.14579999999999999
2026-03-17 12:02:54.238002,0.8999,78.46,0.1046
2026-03-17 12:02:55.284547,0.8999,78.47,0.13929999999999998
2026-03-17 12:02:56.313843,0.8999,78.48,0.1346
2026-03-17 12:02:57.350799,0.8999,78.48,0.1577
2026-03-17 12:02:58.405794,0.8999,78.49,0.156
2026-03-17 12:02:59.448383,0.8999,78.5,0.1133
2026-03-17 12:03:00.499551,0.8999,78.51,0.1194
2026-03-17 12:03:01.711902,0.8999,78.52,0.0916
2026-03-17 12:03:02.891045,0.8999,78.53,0.165
2026-03-17 12:03:03.937940,0.8999,78.54,0.1292
2026-03-17 12:03:04.983687,0.8999,78.55,0.11180000000000001
2026-03-17 12:03:06.030851,0.8999,78.56,0.092
2026-03-17 12:03:07.076790,0.8999,78.57,0.1286
2026-03-17 12:03:08.119766,0.8999,78.58,0.1138
2026-03-17 12:03:09.234710,0.8999,78.59,0.157
2026-03-17 12:03:10.297689,0.8999,78.59,0.1124
2026-03-17 12:03:11.343013,0.8999,78.6,0.1147
2026-03-17 12:03:12.392566,0.8999,78.61,0.1489
2026-03-17 12:03:13.445811,0.8999,78.62,0.1117
2026-03-17 12:03:14.498424,0.8999,78.63,0.0996
2026-03-17 12:03:15.547105,0.8999,78.64,0.1355
2026-03-17 12:03:16.606333,0.8999,78.65,0.14529999999999998
2026-03-17 12:03:17.662843,0.8999,78.66,0.16
2026-03-17 12:03:18.712383,0.8999,78.67,0.1278
2026-03-17 12:03:19.761611,0.8999,78.67,0.1416
2026-03-17 12:03:20.862728,0.8999,78.68,0.1374
2026-03-17 12:03:21.905917,0.8999,78.69,0.1308
2026-03-17 12:03:22.956388,0.8999,78.7,0.1165
2026-03-17 12:03:24.005272,0.8999,78.71,0.1181
2026-03-17 12:03:25.064452,0.8999,78.72,0.1
2026-03-17 12:03:26.109189,0.8999,78.73,0.1386
2026-03-17 12:03:27.151548,0.8999,78.74,0.11130000000000001
2026-03-17 12:03:28.201354,0.8999,78.75,0.1316
2026-03-17 12:03:29.247223,0.8999,78.76,0.1291
2026-03-17 12:03:30.284158,0.8999,78.76,0.1472
2026-03-17 12:03:31.330528,0.8999,78.77,0.096
2026-03-17 12:03:32.376421,0.8999,78.78,0.1586
2026-03-17 12:03:33.425433,0.8999,78.79,0.1258
2026-03-17 12:03:34.473141,0.8999,78.8,0.1694
2026-03-17 12:03:35.519500,0.8999,78.81,0.1215
2026-03-17 12:03:36.542866,0.8999,78.82,0.0896
2026-03-17 12:03:37.586691,0.8999,78.83,0.141
2026-03-17 12:03:38.618139,0.8999,78.83,0.1255
2026-03-17 12:03:39.689422,0.8999,78.84,0.1187
2026-03-17 12:03:40.748476,0.8999,78.85,0.1311
2026-03-17 12:03:41.815952,0.8999,78.86,0.1311
2026-03-17 12:03:42.861734,0.8999,78.87,0.1522
2026-03-17 12:03:43.917608,0.8999,78.88,0.096
2026-03-17 12:03:44.967189,0.8999,78.89,0.1345
2026-03-17 12:03:46.013467,0.8999,78.9,0.1137
2026-03-17 12:03:47.060968,0.8999,78.91,0.1486
2026-03-17 12:03:48.118455,0.8999,78.92,0.1149
2026-03-17 12:03:49.164439,0.8999,78.92,0.0988
2026-03-17 12:03:50.218422,0.8999,78.93,0.1171
2026-03-17 12:03:51.264392,0.8999,78.94,0.1355
2026-03-17 12:03:52.300539,0.8999,78.95,0.1163
2026-03-17 12:03:53.352139,0.8999,78.96,0.1469
2026-03-17 12:03:54.402039,0.8999,78.97,0.1391
2026-03-17 12:03:55.464582,0.8999,78.98,0.1371
2026-03-17 12:03:56.519795,0.8999,78.99,0.1037
2026-03-17 12:03:57.575214,0.8999,79.0,0.1493
2026-03-17 12:03:58.625165,0.8999,79.0,0.1606
2026-03-17 12:03:59.674815,0.8999,79.01,0.1378
2026-03-17 12:04:00.728599,0.8999,79.02,0.12440000000000001
2026-03-17 12:04:01.782436,0.8999,79.03,0.1108
2026-03-17 12:04:02.828895,0.8999,79.04,0.1509
2026-03-17 12:04:03.889478,0.8999,79.05,0.1179
2026-03-17 12:04:04.939770,0.8999,79.06,0.156
2026-03-17 12:04:05.981807,0.8999,79.07,0.1283
2026-03-17 12:04:07.017608,0.8999,79.08,0.1317
2026-03-17 12:04:08.055665,0.8999,79.08,0.1244
2026-03-17 12:04:09.107788,0.8999,79.09,0.1226
2026-03-17 12:04:10.184472,0.8999,79.1,0.0876
2026-03-17 12:04:11.237661,0.8999,79.11,0.1009
2026-03-17 12:04:12.289757,0.8998,79.12,0.12440000000000001
2026-03-17 12:04:13.338733,0.8998,79.13,0.1452
2026-03-17 12:04:14.385379,0.8998,79.14,0.1664
2026-03-17 12:04:15.436663,0.8998,79.15,0.1529
2026-03-17 12:04:16.483748,0.8998,79.16,0.1373
2026-03-17 12:04:17.525198,0.8998,79.16,0.1481
2026-03-17 12:04:18.572394,0.8998,79.17,0.1397
2026-03-17 12:04:19.630121,0.8998,79.18,0.12340000000000001
2026-03-17 12:04:20.679513,0.8998,79.19,0.14100000000000001
2026-03-17 12:04:21.711466,0.8998,79.2,0.1326
2026-03-17 12:04:22.821783,0.8998,79.21,0.15
2026-03-17 12:04:23.883242,0.8998,79.22,0.1116
2026-03-17 12:04:24.956161,0.8998,79.23,0.1178
2026-03-17 12:04:26.005728,0.8998,79.24,0.1207
2026-03-17 12:04:27.052687,0.8998,79.24,0.1653
2026-03-17 12:04:28.098545,0.8998,79.25,0.0963
2026-03-17 12:04:29.156461,0.8998,79.26,0.1371
2026-03-17 12:04:30.189534,0.8998,79.27,0.1493
2026-03-17 12:04:31.239216,0.8998,79.28,0.1538
2026-03-17 12:04:32.273919,0.8998,79.29,0.0942
2026-03-17 12:04:33.326563,0.8998,79.3,0.1091
2026-03-17 12:04:34.366260,0.8998,79.31,0.1291
2026-03-17 12:04:35.416892,0.8998,79.32,0.1491
2026-03-17 12:04:36.466470,0.8998,79.32,0.10969999999999999
2026-03-17 12:04:37.514276,0.8998,79.33,0.1197
2026-03-17 12:04:38.573915,0.8998,79.34,0.1263
2026-03-17 12:04:39.625038,0.8998,79.35,0.1265
2026-03-17 12:04:40.672447,0.8998,79.36,0.1021
2026-03-17 12:04:41.730877,0.8998,79.37,0.1466
2026-03-17 12:04:42.776070,0.8998,79.38,0.1631
2026-03-17 12:04:43.820614,0.8998,79.39,0.1589
2026-03-17 12:04:44.863780,0.8998,79.4,0.11839999999999999
2026-03-17 12:04:45.905633,0.8998,79.4,0.1311
2026-03-17 12:04:46.957838,0.8998,79.41,0.127
2026-03-17 12:04:47.990201,0.8998,79.42,0.1454
2026-03-17 12:04:49.025615,0.8998,79.43,0.1646
2026-03-17 12:04:50.058055,0.8998,79.44,0.1242
2026-03-17 12:04:51.102769,0.8998,79.45,0.11
2026-03-17 12:04:52.157637,0.8998,79.46,0.1123
2026-03-17 12:04:53.204050,0.8998,79.47,0.1166
2026-03-17 12:04:54.253679,0.8998,79.47,0.1455
2026-03-17 12:04:55.297867,0.8998,79.48,0.1563
2026-03-17 12:04:56.337336,0.8998,79.49,0.1324
2026-03-17 12:04:57.385591,0.8998,79.5,0.13590000000000002
2026-03-17 12:04:58.421393,0.8998,79.51,0.1042
2026-03-17 12:04:59.475016,0.8998,79.52,0.0945
2026-03-17 12:05:00.502677,0.8998,79.53,0.13920000000000002
2026-03-17 12:05:01.552677,0.8998,79.54,0.1485
2026-03-17 12:05:02.623215,0.8998,79.55,0.1433
2026-03-17 12:05:03.667407,0.8998,79.55,0.1512
2026-03-17 12:05:04.723245,0.8998,79.56,0.1588
2026-03-17 12:05:05.820879,0.8998,79.57,0.1311
2026-03-17 12:05:06.880155,0.8998,79.58,0.15360000000000001
2026-03-17 12:05:16.064504,0.8998,70.5,0.14300000000000002
2026-03-17 12:05:17.124169,0.8998,70.51,0.0965
2026-03-17 12:05:18.162099,0.8998,70.52,0.1502
2026-03-17 12:05:19.206914,0.8998,70.53,0.1234
2026-03-17 12:05:20.345188,0.8998,70.54,0.1089
2026-03-17 12:05:21.407672,0.8998,70.55,0.1223
2026-03-17 12:05:22.456095,0.8998,70.55,0.1202
2026-03-17 12:05:23.514027,0.8998,70.56,0.1136
2026-03-17 12:05:24.590482,0.8998,70.57,0.1413
2026-03-17 12:05:25.762469,0.8997,70.58,0.1035
2026-03-17 12:05:26.821442,0.8997,70.59,0.1408
2026-03-17 12:05:27.874540,0.8997,70.6,0.1495
2026-03-17 12:05:28.931813,0.8997,70.61,0.0911
2026-03-17 12:05:29.985963,0.8997,70.62,0.13849999999999998
2026-03-17 12:05:31.061421,0.8997,70.63,0.1528
2026-03-17 12:05:32.289718,0.8997,70.64,0.1437
2026-03-17 12:05:33.331887,0.8997,70.65,0.0932
2026-03-17 12:05:34.405102,0.8997,70.66,0.1113
2026-03-17 12:05:35.475341,0.8997,70.66,0.1305
2026-03-17 12:05:36.526470,0.8997,70.67,0.1484
2026-03-17 12:05:37.591003,0.8997,70.68,0.1076
2026-03-17 12:05:38.646521,0.8997,70.69,0.13
2026-03-17 12:05:39.910348,0.8997,70.7,0.1075
2026-03-17 12:05:40.969730,0.8997,70.71,0.1196
2026-03-17 12:05:42.019276,0.8997,70.72,0.0949
2026-03-17 12:05:43.069862,0.8997,70.73,0.1463
2026-03-17 12:05:44.118628,0.8997,70.74,0.1424
2026-03-17 12:05:45.162435,0.8997,70.75,0.1372
2026-03-17 12:05:46.218585,0.8997,70.76,0.1147
2026-03-17 12:05:47.270135,0.8997,70.77,0.09620000000000001
2026-03-17 12:05:48.316181,0.8997,70.77,0.158
2026-03-17 12:05:49.360850,0.8997,70.78,0.1151
2026-03-17 12:05:50.420154,0.8997,70.79,0.1363
2026-03-17 12:05:51.468866,0.8997,70.8,0.1545
2026-03-17 12:05:52.518172,0.8997,70.81,0.11610000000000001
2026-03-17 12:05:53.565910,0.8997,70.82,0.1286
2026-03-17 12:05:54.617252,0.8997,70.83,0.1047
2026-03-17 12:05:55.679842,0.8997,70.84,0.1469
2026-03-17 12:05:56.726989,0.8997,70.85,0.10099999999999999
2026-03-17 12:05:57.769855,0.8997,70.85,0.11510000000000001
2026-03-17 12:05:58.834432,0.8997,70.86,0.145
2026-03-17 12:05:59.874677,0.8997,70.87,0.1477
2026-03-17 12:06:00.923624,0.8997,70.88,0.1122
2026-03-17 12:06:01.974499,0.8997,70.89,0.1359
2026-03-17 12:06:03.025001,0.8997,70.9,0.106
2026-03-17 12:06:04.072746,0.8997,70.91,0.1242
2026-03-17 12:06:05.123752,0.8997,70.92,0.15259999999999999
2026-03-17 12:06:06.173432,0.8997,70.93,0.1447
2026-03-17 12:06:07.223621,0.8997,70.93,0.15710000000000002
2026-03-17 12:06:08.270508,0.8997,70.94,0.1449
2026-03-17 12:06:09.317174,0.8997,70.95,0.1446
2026-03-17 12:06:10.373496,0.8997,70.96,0.1377
2026-03-17 12:06:11.430810,0.8997,70.97,0.1297
2026-03-17 12:06:12.486230,0.8997,70.98,0.1169
2026-03-17 12:06:13.552967,0.8997,70.99,0.144
2026-03-17 12:06:14.598257,0.8997,71.0,0.1443
2026-03-17 12:06:15.647431,0.8997,71.01,0.1128
2026-03-17 12:06:16.694882,0.8997,71.01,0.10679999999999999
2026-03-17 12:06:17.740249,0.8997,71.02,0.1286
2026-03-17 12:06:18.791623,0.8997,71.03,0.13470000000000001
2026-03-17 12:06:19.839607,0.8997,71.04,0.119
2026-03-17 12:06:20.886060,0.8997,71.05,0.1027
2026-03-17 12:06:21.940692,0.8997,71.06,0.1486
2026-03-17 12:06:22.984685,0.8997,71.07,0.12
2026-03-17 12:06:24.028869,0.8996,71.08,0.147
2026-03-17 12:06:25.075415,0.8996,71.09,0.12739999999999999
2026-03-17 12:06:26.124067,0.8996,71.09,0.112
2026-03-17 12:06:27.169206,0.8996,71.1,0.095
2026-03-17 12:06:28.208549,0.8996,71.11,0.1436
2026-03-17 12:06:29.253428,0.8996,71.12,0.1486
2026-03-17 12:06:30.298276,0.8996,71.13,0.1019
2026-03-17 12:06:31.342169,0.8996,71.14,0.1382
2026-03-17 12:06:32.386418,0.8996,71.15,0.11879999999999999
2026-03-17 12:06:33.431804,0.8996,71.16,0.1354
2026-03-17 12:06:34.472453,0.8996,71.17,0.1455
2026-03-17 12:06:35.519037,0.8996,71.17,0.1253
2026-03-17 12:06:36.560148,0.8996,71.18,0.1295
2026-03-17 12:06:37.604841,0.8996,71.19,0.1534
2026-03-17 12:06:38.651877,0.8996,71.2,0.1075
2026-03-17 12:06:39.703437,0.8996,71.21,0.1292
2026-03-17 12:06:40.749122,0.8996,71.22,0.119
2026-03-17 12:06:41.807608,0.8996,71.23,0.047
2026-03-17 12:06:42.860450,0.8996,71.24,0.0485
2026-03-17 12:06:43.905050,0.8996,71.25,0.059800000000000006
2026-03-17 12:06:44.949620,0.8996,71.26,0.0688
2026-03-17 12:06:45.992929,0.8996,71.27,0.0623
2026-03-17 12:06:47.036737,0.8996,71.28,0.0642
2026-03-17 12:06:48.077223,0.8996,71.29,0.06609999999999999
2026-03-17 12:06:49.101885,0.8996,71.3,0.060399999999999995
2026-03-17 12:06:50.144741,0.8996,71.31,0.051199999999999996
2026-03-17 12:06:51.166400,0.8996,71.31,0.0534
2026-03-17 12:06:52.217423,0.8996,71.32,0.0532
2026-03-17 12:06:53.262682,0.8996,71.33,0.0695
2026-03-17 12:06:54.311750,0.8996,71.34,0.0495
2026-03-17 12:06:55.354844,0.8996,71.35,0.0659
2026-03-17 12:06:56.400105,0.8996,71.36,0.060200000000000004
2026-03-17 12:06:57.457778,0.8996,71.37,0.0385
2026-03-17 12:06:58.508532,0.8996,71.38,0.052000000000000005
2026-03-17 12:06:59.561111,0.8996,71.39,0.0464
2026-03-17 12:07:00.609580,0.8996,71.4,0.0609
2026-03-17 12:07:01.650427,0.8996,71.41,0.0466
2026-03-17 12:07:02.700070,0.8996,71.42,0.0488
2026-03-17 12:07:03.746949,0.8996,71.43,0.067
2026-03-17 12:07:04.802773,0.8996,71.44,0.06470000000000001
2026-03-17 12:07:05.856492,0.8996,71.45,0.0569
2026-03-17 12:07:06.900849,0.8996,71.46,0.0589
2026-03-17 12:07:07.954344,0.8996,71.47,0.048799999999999996
2026-03-17 12:07:09.001840,0.8996,71.48,0.041800000000000004
2026-03-17 12:07:10.056756,0.8996,71.49,0.0385
2026-03-17 12:07:11.103716,0.8996,71.5,0.0596
2026-03-17 12:07:12.146702,0.8996,71.51,0.0548
2026-03-17 12:07:13.188501,0.8996,71.52,0.060700000000000004
2026-03-17 12:07:14.265440,0.8996,71.53,0.07200000000000001
2026-03-17 12:07:15.322466,0.8995,71.54,0.0586
2026-03-17 12:07:16.352998,0.8995,71.55,0.0753
2026-03-17 12:07:17.402233,0.8995,71.56,0.0451
2026-03-17 12:07:18.447221,0.8995,71.57,0.055
2026-03-17 12:07:19.493367,0.8995,71.58,0.057300000000000004
2026-03-17 12:07:20.541759,0.8995,71.59,0.059
2026-03-17 12:07:21.587088,0.8995,71.6,0.0673
2026-03-17 12:07:22.631408,0.8995,71.61,0.0437
2026-03-17 12:07:23.676577,0.8995,71.62,0.0458
2026-03-17 12:07:24.719947,0.8995,71.63,0.0809
2026-03-17 12:07:25.762832,0.8995,71.64,0.0689
2026-03-17 12:07:26.806739,0.8995,71.65,0.0557
2026-03-17 12:07:27.851536,0.8995,71.65,0.061900000000000004
2026-03-17 12:07:28.881913,0.8995,71.66,0.05
2026-03-17 12:07:29.920853,0.8995,71.67,0.0475
2026-03-17 12:07:30.965724,0.8995,71.68,0.045200000000000004
2026-03-17 12:07:32.011745,0.8995,71.69,0.043300000000000005
2026-03-17 12:07:33.064796,0.8995,71.7,0.0755
2026-03-17 12:07:34.112522,0.8995,71.71,0.0671
2026-03-17 12:07:35.159266,0.8995,71.72,0.0703
2026-03-17 12:07:36.220762,0.8995,71.73,0.0711
2026-03-17 12:07:37.269621,0.8995,71.74,0.0758
2026-03-17 12:07:38.313904,0.8995,71.75,0.06
2026-03-17 12:07:39.357014,0.8995,71.76,0.068
2026-03-17 12:07:40.406654,0.8995,71.77,0.062200000000000005
2026-03-17 12:07:41.454250,0.8995,71.78,0.0462
2026-03-17 12:07:42.499366,0.8995,71.79,0.0403
2026-03-17 12:07:43.551366,0.8995,71.8,0.054099999999999995
2026-03-17 12:07:44.595937,0.8995,71.81,0.050600000000000006
2026-03-17 12:07:45.655102,0.8995,71.82,0.0703
2026-03-17 12:07:46.699842,0.8995,71.83,0.0633
2026-03-17 12:07:47.742843,0.8995,71.84,0.0453
2026-03-17 12:07:48.776915,0.8995,71.85,0.0558
2026-03-17 12:07:49.809122,0.8995,71.86,0.043
2026-03-17 12:07:50.852205,0.8995,71.87,0.060200000000000004
2026-03-17 12:07:51.889611,0.8995,71.88,0.0487
2026-03-17 12:07:52.936144,0.8995,71.89,0.043
2026-03-17 12:07:53.986034,0.8995,71.9,0.06860000000000001
2026-03-17 12:07:55.031456,0.8995,71.91,0.064
2026-03-17 12:07:56.078925,0.8995,71.92,0.0701
2026-03-17 12:07:57.127807,0.8995,71.93,0.055
2026-03-17 12:07:58.173207,0.8995,71.94,0.0664
2026-03-17 12:07:59.206447,0.8995,71.94,0.0605
2026-03-17 12:08:00.260734,0.8995,71.95,0.0509
2026-03-17 12:08:01.305492,0.8994,71.96,0.0531
2026-03-17 12:08:02.337392,0.8994,71.97,0.0541
2026-03-17 12:08:03.385428,0.8994,71.98,0.057800000000000004
2026-03-17 12:08:04.431170,0.8994,71.99,0.049600000000000005
2026-03-17 12:08:05.480581,0.8994,72.0,0.058800000000000005
2026-03-17 12:08:06.527477,0.8994,72.01,0.0746
2026-03-17 12:08:07.572455,0.8994,72.02,0.058800000000000005
2026-03-17 12:08:08.623889,0.8994,72.03,0.0586
2026-03-17 12:08:09.671488,0.8994,72.04,0.060200000000000004
2026-03-17 12:08:10.713482,0.8994,72.05,0.0716
2026-03-17 12:08:11.749095,0.8994,72.06,0.063
2026-03-17 12:08:12.816516,0.8994,72.07,0.0704
2026-03-17 12:08:13.875460,0.8994,72.08,0.0711
2026-03-17 12:08:14.930018,0.8994,72.09,0.0669
2026-03-17 12:08:15.974111,0.8994,72.1,0.037500000000000006
2026-03-17 12:08:17.014811,0.8994,72.11,0.0523
2026-03-17 12:08:18.058058,0.8994,72.12,0.0523
2026-03-17 12:08:19.098506,0.8994,72.13,0.0454
2026-03-17 12:08:20.136613,0.8994,72.14,0.0578
2026-03-17 12:08:21.160145,0.8994,72.15,0.06420000000000001
2026-03-17 12:08:22.207078,0.8994,72.16,0.069
2026-03-17 12:08:23.251269,0.8994,72.17,0.0576
2026-03-17 12:08:24.304169,0.8994,72.18,0.0586
2026-03-17 12:08:25.349476,0.8994,72.19,0.046200000000000005
2026-03-17 12:08:26.395755,0.8994,72.2,0.07250000000000001
2026-03-17 12:08:27.450725,0.8994,72.21,0.0513
2026-03-17 12:08:28.510587,0.8994,72.22,0.0628
2026-03-17 12:08:29.557344,0.8994,72.23,0.0508
2026-03-17 12:08:30.603509,0.8994,72.24,0.0465
2026-03-17 12:08:31.657025,0.8994,72.25,0.0412
2026-03-17 12:08:32.713017,0.8994,72.25,0.0574
2026-03-17 12:08:33.755620,0.8994,72.26,0.0752
2026-03-17 12:08:34.813579,0.8994,72.27,0.0647
2026-03-17 12:08:35.854650,0.8994,72.28,0.0492
2026-03-17 12:08:36.908188,0.8994,72.29,0.066
2026-03-17 12:08:37.963774,0.8994,72.3,0.0599
2026-03-17 12:08:39.010142,0.8994,72.31,0.0558
2026-03-17 12:08:40.066519,0.8994,72.32,0.060300000000000006
2026-03-17 12:08:41.121745,0.8994,72.33,0.0708
2026-03-17 12:08:42.202208,0.8994,72.34,0.0565
2026-03-17 12:08:43.253775,0.8993,72.35,0.0566
2026-03-17 12:08:44.305448,0.8993,72.36,0.071
2026-03-17 12:08:45.350661,0.8993,72.37,0.0637
2026-03-17 12:08:46.408810,0.8993,72.38,0.0691
2026-03-17 12:08:47.457813,0.8993,72.39,0.0501
2026-03-17 12:08:48.505468,0.8993,72.4,0.06609999999999999
2026-03-17 12:08:49.554778,0.8993,72.41,0.071
2026-03-17 12:08:50.611050,0.8993,72.42,0.0634
2026-03-17 12:08:51.656710,0.8993,72.43,0.0504
2026-03-17 12:08:52.702408,0.8993,72.44,0.0562
2026-03-17 12:08:53.748446,0.8993,72.45,0.0564
2026-03-17 12:08:54.794800,0.8993,72.46,0.064
2026-03-17 12:08:55.843756,0.8993,72.47,0.0649
2026-03-17 12:08:56.899512,0.8993,72.48,0.047
2026-03-17 12:08:57.938439,0.8993,72.49,0.0545
2026-03-17 12:08:58.963476,0.8993,72.5,0.0528
2026-03-17 12:09:00.008974,0.8993,72.51,0.0458
2026-03-17 12:09:01.055591,0.8993,72.52,0.039900000000000005
2026-03-17 12:09:02.102145,0.8993,72.53,0.0465
2026-03-17 12:09:03.147988,0.8993,72.54,0.0649
2026-03-17 12:09:04.193614,0.8993,72.55,0.0699
2026-03-17 12:09:05.239420,0.8993,72.56,0.0728
2026-03-17 12:09:06.284930,0.8993,72.56,0.0585
2026-03-17 12:09:07.331623,0.8993,72.57,0.0429
2026-03-17 12:09:08.376415,0.8993,72.58,0.0577
2026-03-17 12:09:09.429865,0.8993,72.59,0.0553
2026-03-17 12:09:10.477812,0.8993,72.6,0.0665
2026-03-17 12:09:11.531952,0.8993,72.61,0.0524
2026-03-17 12:09:12.591695,0.8993,72.62,0.073
2026-03-17 12:09:13.635619,0.8993,72.63,0.077
2026-03-17 12:09:14.680498,0.8993,72.64,0.0631
2026-03-17 12:09:15.732756,0.8993,72.65,0.0548
2026-03-17 12:09:16.785615,0.8993,72.66,0.046700000000000005
2026-03-17 12:09:17.828336,0.8993,72.67,0.0645
2026-03-17 12:09:18.879405,0.8993,72.68,0.0613
2026-03-17 12:09:19.927876,0.8993,72.69,0.053
2026-03-17 12:09:20.971042,0.8993,72.7,0.053599999999999995
2026-03-17 12:09:22.018695,0.8992,72.71,0.048799999999999996
2026-03-17 12:09:23.064482,0.8992,72.72,0.0533
2026-03-17 12:09:24.110225,0.8992,72.73,0.04
2026-03-17 12:09:25.161786,0.8992,72.74,0.06770000000000001
2026-03-17 12:09:26.204865,0.8992,72.75,0.0733
2026-03-17 12:09:27.252599,0.8992,72.76,0.07669999999999999
2026-03-17 12:09:28.296630,0.8992,72.77,0.0595
2026-03-17 12:09:29.320822,0.8992,72.78,0.055400000000000005
2026-03-17 12:09:30.365364,0.8992,72.79,0.0529
2026-03-17 12:09:31.393924,0.8992,72.8,0.0487
2026-03-17 12:09:32.439553,0.8992,72.81,0.0504
2026-03-17 12:09:33.484396,0.8992,72.82,0.0659
2026-03-17 12:09:34.533850,0.8992,72.83,0.0526
2026-03-17 12:09:35.578418,0.8992,72.84,0.0734
2026-03-17 12:09:36.624785,0.8992,72.85,0.0596
2026-03-17 12:09:37.666387,0.8992,72.85,0.0704
2026-03-17 12:09:38.721743,0.8992,72.86,0.0668
2026-03-17 12:09:39.767746,0.8992,72.87,0.063
2026-03-17 12:09:40.822155,0.8992,72.88,0.0653
2026-03-17 12:09:41.867622,0.8992,72.89,0.0655
2026-03-17 12:09:42.913490,0.8992,72.9,0.0546
2026-03-17 12:09:43.985896,0.8992,72.91,0.0667
2026-03-17 12:09:45.034739,0.8992,72.92,0.0461
2026-03-17 12:09:46.082725,0.8992,72.93,0.042300000000000004
2026-03-17 12:09:47.140745,0.8992,72.94,0.0509
2026-03-17 12:09:48.187242,0.8992,72.95,0.071
2026-03-17 12:09:49.230599,0.8992,72.96,0.0538
2026-03-17 12:09:50.277478,0.8992,72.97,0.0392
2026-03-17 12:09:51.328790,0.8992,72.98,0.0505
2026-03-17 12:09:52.379820,0.8992,72.99,0.0514
2026-03-17 12:09:53.424739,0.8992,73.0,0.061
2026-03-17 12:09:54.470652,0.8992,73.01,0.0448
2026-03-17 12:09:55.516211,0.8992,73.02,0.0711
2026-03-17 12:09:56.562420,0.8992,73.03,0.0596
2026-03-17 12:09:57.609119,0.8992,73.04,0.0397
2026-03-17 12:09:58.657061,0.8991,73.05,0.0561
2026-03-17 12:09:59.701924,0.8991,73.06,0.0541
2026-03-17 12:10:00.747868,0.8991,73.07,0.0561
2026-03-17 12:10:01.791655,0.8991,73.08,0.050100000000000006
2026-03-17 12:10:02.839246,0.8991,73.09,0.0514
2026-03-17 12:10:03.889110,0.8991,73.1,0.0403
2026-03-17 12:10:04.936223,0.8991,73.11,0.0614
2026-03-17 12:10:05.980455,0.8991,73.12,0.0511
2026-03-17 12:10:07.023642,0.8991,73.13,0.0447
2026-03-17 12:10:08.058376,0.8991,73.14,0.0514
2026-03-17 12:10:09.100381,0.8991,73.15,0.0525
2026-03-17 12:10:10.132824,0.8991,73.16,0.064
2026-03-17 12:10:11.179862,0.8991,73.17,0.0766
2026-03-17 12:10:12.233887,0.8991,73.18,0.06659999999999999
2026-03-17 12:10:13.294210,0.8991,73.18,0.0714
2026-03-17 12:10:14.380396,0.8991,73.19,0.0791
2026-03-17 12:10:15.432737,0.8991,73.2,0.062
2026-03-17 12:10:16.471601,0.8991,73.21,0.0461
2026-03-17 12:10:17.525895,0.8991,73.22,0.0727
2026-03-17 12:10:18.579371,0.8991,73.23,0.0479
2026-03-17 12:10:19.623606,0.8991,73.24,0.0344
2026-03-17 12:10:20.671593,0.8991,73.25,0.0611
2026-03-17 12:10:21.719176,0.8991,73.26,0.045599999999999995
2026-03-17 12:10:22.766089,0.8991,73.27,0.046
2026-03-17 12:10:23.812500,0.8991,73.28,0.0543
2026-03-17 12:10:24.864661,0.8991,73.29,0.057300000000000004
2026-03-17 12:10:25.913744,0.8991,73.3,0.0369
2026-03-17 12:10:26.961228,0.8991,73.31,0.0478
2026-03-17 12:10:28.006181,0.8991,73.32,0.0635
2026-03-17 12:10:29.096679,0.8991,73.33,0.06670000000000001
2026-03-17 12:10:30.146243,0.8991,73.34,0.0492
2026-03-17 12:10:31.191625,0.8991,73.35,0.062
2026-03-17 12:10:32.237333,0.899,73.36,0.052199999999999996
2026-03-17 12:10:33.281751,0.899,73.37,0.0736
2026-03-17 12:10:34.328171,0.899,73.38,0.0547
2026-03-17 12:10:35.378126,0.899,73.39,0.057300000000000004
2026-03-17 12:10:36.408659,0.899,73.4,0.0673
2026-03-17 12:10:37.450894,0.899,73.41,0.0672
2026-03-17 12:10:38.510138,0.899,73.42,0.0674
2026-03-17 12:10:39.561419,0.899,73.43,0.059300000000000005
2026-03-17 12:10:40.613554,0.899,73.44,0.046400000000000004
2026-03-17 12:10:41.655462,0.899,73.45,0.0659
2026-03-17 12:10:42.681980,0.899,73.46,0.0595
2026-03-17 12:10:43.737783,0.899,73.47,0.059199999999999996
2026-03-17 12:10:44.783831,0.899,73.48,0.0688
2026-03-17 12:10:45.849613,0.899,73.49,0.06989999999999999
2026-03-17 12:10:46.897870,0.899,73.5,0.0529
2026-03-17 12:10:47.928550,0.899,73.51,0.0571
2026-03-17 12:10:48.978395,0.899,73.52,0.0467
2026-03-17 12:10:50.042089,0.899,73.52,0.0684
2026-03-17 12:10:51.144823,0.899,73.54,0.0488
2026-03-17 12:10:52.182022,0.899,73.54,0.054
2026-03-17 12:10:53.236731,0.899,73.55,0.061200000000000004
2026-03-17 12:10:54.283217,0.899,73.56,0.0349
2026-03-17 12:10:55.345382,0.899,73.57,0.058499999999999996
2026-03-17 12:10:56.378899,0.899,73.58,0.0743
2026-03-17 12:10:57.415216,0.899,73.59,0.0678
